Index,Label,Prediction,Positive%,Negative%,Neutral%,Mixed%
0,POSITIVE,POSITIVE,0.9456093907356262,0.001093156635761261,0.005770650692284107,0.047526728361845016
1,POSITIVE,POSITIVE,0.9503391981124878,0.0007023703074082732,0.004384989850223064,0.04457348585128784
2,POSITIVE,NEGATIVE,0.16227316856384277,0.4181661307811737,0.017326775938272476,0.40223395824432373
3,NEGATIVE,NEGATIVE,0.04528747498989105,0.7777894139289856,0.10117636620998383,0.0757467970252037
4,POSITIVE,POSITIVE,0.9973166584968567,5.974287660137634e-07,1.8080567315337248e-05,0.00266461749561131
5,NEGATIVE,NEGATIVE,0.04410363733768463,0.7856956720352173,0.030023867264389992,0.14017675817012787
6,NEGATIVE,NEGATIVE,0.0023144243750721216,0.8465510606765747,0.017100980505347252,0.13403356075286865
7,POSITIVE,POSITIVE,0.8583195209503174,0.013616463169455528,0.08291735500097275,0.045146629214286804
8,NEGATIVE,MIXED,0.12610019743442535,0.2351740151643753,0.03194236382842064,0.6067834496498108
9,NEGATIVE,NEGATIVE,0.002091731410473585,0.9146560430526733,0.019011661410331726,0.06424055993556976
10,POSITIVE,POSITIVE,0.7122862935066223,0.05039374157786369,0.03716662898659706,0.20015332102775574
11,POSITIVE,POSITIVE,0.9469434022903442,0.004475420340895653,0.010678832419216633,0.03790230676531792
12,NEGATIVE,NEGATIVE,0.05285460501909256,0.8193401098251343,0.05255155265331268,0.0752536728978157
13,NEGATIVE,NEGATIVE,0.02205943875014782,0.7539510726928711,0.08030539005994797,0.14368407428264618
14,POSITIVE,NEGATIVE,0.045089513063430786,0.7024162411689758,0.0821060910820961,0.1703881472349167
15,NEGATIVE,NEGATIVE,0.015906158834695816,0.7912869453430176,0.10990864783525467,0.08289816975593567
16,POSITIVE,POSITIVE,0.9818026423454285,0.00042702234350144863,0.004399185534566641,0.013371086679399014
17,POSITIVE,NEGATIVE,0.25453826785087585,0.43245333433151245,0.28462687134742737,0.028381437063217163
18,NEGATIVE,NEGATIVE,0.0007392172701656818,0.9545774459838867,0.02444005198776722,0.020243247970938683
19,NEGATIVE,NEGATIVE,0.010814077220857143,0.7977961301803589,0.06484229117631912,0.12654751539230347
20,NEGATIVE,NEGATIVE,0.014622995629906654,0.8056101202964783,0.06436760723590851,0.1153993085026741
21,NEGATIVE,NEGATIVE,0.006062091328203678,0.8325481414794922,0.14934124052524567,0.012048454023897648
22,POSITIVE,POSITIVE,0.9861578941345215,0.00019690650515258312,0.0005623055621981621,0.013082940131425858
23,POSITIVE,POSITIVE,0.9488690495491028,0.0029010854195803404,0.010739080607891083,0.03749089315533638
24,NEGATIVE,NEGATIVE,0.000353707728208974,0.9370999932289124,0.006544667296111584,0.05600163713097572
0,NEGATIVE,NEGATIVE,0.05057397857308388,0.6667497754096985,0.11752616614103317,0.16515006124973297
1,POSITIVE,POSITIVE,0.9938616752624512,1.847063140303362e-05,0.005111518315970898,0.0010083363158628345
2,NEGATIVE,NEGATIVE,0.03522395342588425,0.7189329266548157,0.1051836609840393,0.14065948128700256
3,NEGATIVE,NEUTRAL,0.001974675338715315,0.00010465281957294792,0.9977627992630005,0.0001578473747940734
4,NEGATIVE,NEUTRAL,0.11920702457427979,0.2919175624847412,0.4056859314441681,0.18318945169448853
5,NEGATIVE,NEGATIVE,0.004000534303486347,0.8986964821815491,0.0039806002750992775,0.09332232922315598
6,NEGATIVE,NEGATIVE,0.0003390742640476674,0.9618867039680481,0.012614157982170582,0.025160083547234535
7,NEGATIVE,NEGATIVE,0.02970292791724205,0.550861656665802,0.322026789188385,0.09740860015153885
8,NEGATIVE,NEUTRAL,0.0046425266191363335,0.10383995622396469,0.867354691028595,0.024162745103240013
9,NEGATIVE,NEGATIVE,0.04515869542956352,0.6114458441734314,0.22774463891983032,0.11565082520246506
10,NEGATIVE,NEGATIVE,0.0007073646411299706,0.9772778153419495,0.005128202959895134,0.016886506229639053
11,NEGATIVE,NEGATIVE,0.00846774224191904,0.7273036241531372,0.010815140791237354,0.25341349840164185
12,POSITIVE,POSITIVE,0.987957775592804,1.9304046873003244e-05,0.0005543037550523877,0.011468534357845783
13,NEGATIVE,NEGATIVE,0.02260567434132099,0.7278536558151245,0.02551296353340149,0.22402779757976532
14,POSITIVE,POSITIVE,0.9453678131103516,0.0029839773196727037,0.032143425196409225,0.019504738971590996
15,NEGATIVE,NEGATIVE,0.0392468199133873,0.7703921794891357,0.0273212268948555,0.1630396991968155
16,POSITIVE,POSITIVE,0.5699593424797058,0.003921377006918192,0.4053507447242737,0.020768579095602036
17,POSITIVE,POSITIVE,0.4070882499217987,0.33263519406318665,0.10084624588489532,0.15943029522895813
18,POSITIVE,POSITIVE,0.7729402184486389,0.01869422197341919,0.045051053166389465,0.16331446170806885
19,NEGATIVE,NEGATIVE,0.0003011091612279415,0.9827519059181213,0.002602869877591729,0.014344073832035065
20,POSITIVE,NEGATIVE,0.1375802606344223,0.44620564579963684,0.034853897988796234,0.38136017322540283
21,NEGATIVE,NEGATIVE,0.025214510038495064,0.6900992393493652,0.13142786920070648,0.15325839817523956
22,POSITIVE,POSITIVE,0.9964237809181213,7.965241820784286e-05,0.0022180231753736734,0.0012784380232915282
23,NEGATIVE,NEGATIVE,0.0011714400025084615,0.9297220706939697,0.011899352073669434,0.0572071373462677
24,POSITIVE,POSITIVE,0.9941938519477844,3.607894177548587e-05,0.0015499289147555828,0.004220144357532263
0,POSITIVE,NEUTRAL,0.13388891518115997,0.31940898299217224,0.37861618399620056,0.16808591783046722
1,NEGATIVE,NEGATIVE,0.13144956529140472,0.5489875078201294,0.18965736031532288,0.12990552186965942
2,POSITIVE,POSITIVE,0.991940438747406,5.121012873132713e-05,0.0076091233640909195,0.00039916756213642657
3,NEGATIVE,NEGATIVE,0.0004200465918984264,0.9699513912200928,0.006243277806788683,0.023385263979434967
4,NEGATIVE,NEGATIVE,0.009406422264873981,0.9120017886161804,0.04553479328751564,0.033056993037462234
5,NEGATIVE,NEGATIVE,0.0012308874865993857,0.9215146899223328,0.05191921815276146,0.02533525601029396
6,NEGATIVE,NEGATIVE,2.1448231564136222e-05,0.9942165613174438,0.0015788788441568613,0.004183030221611261
7,NEGATIVE,NEGATIVE,0.004884875845164061,0.7108219265937805,0.0020002746023237705,0.28229284286499023
8,POSITIVE,NEUTRAL,0.3557021915912628,0.002349290531128645,0.5856025815010071,0.05634592846035957
9,NEGATIVE,NEGATIVE,0.009663809090852737,0.7598892450332642,0.17618586122989655,0.05426113307476044
10,POSITIVE,POSITIVE,0.9594154953956604,5.317803152138367e-05,0.002658398589119315,0.03787283971905708
11,NEGATIVE,NEGATIVE,0.0007780820596963167,0.9839158654212952,0.007633241359144449,0.007672798819839954
12,POSITIVE,POSITIVE,0.7000823616981506,0.004779499489814043,0.009998522698879242,0.28513970971107483
13,NEGATIVE,NEGATIVE,0.001230680150911212,0.8843186497688293,0.07841131836175919,0.03603934496641159
14,POSITIVE,POSITIVE,0.9553598761558533,0.0006846077740192413,0.02692515216767788,0.01703047938644886
15,NEGATIVE,NEGATIVE,0.0013327974593266845,0.9679359197616577,0.02548038214445114,0.005250945221632719
16,NEGATIVE,MIXED,0.17773516476154327,0.08099345117807388,0.02203611098229885,0.7192353010177612
17,NEGATIVE,NEGATIVE,0.003752112155780196,0.9108277559280396,0.048191651701927185,0.03722848370671272
18,POSITIVE,POSITIVE,0.9857063889503479,0.00034179320209659636,0.010244471952319145,0.0037073076236993074
19,POSITIVE,POSITIVE,0.8764172792434692,0.0008549907361157238,0.0027234016451984644,0.12000427395105362
20,POSITIVE,MIXED,0.08131185173988342,0.22232522070407867,0.08562590926885605,0.6107369661331177
21,NEGATIVE,NEGATIVE,0.006615657825022936,0.9154416918754578,0.004914692137390375,0.07302789390087128
22,POSITIVE,POSITIVE,0.7815411686897278,0.0009400772396475077,0.0012930099619552493,0.2162257581949234
23,POSITIVE,POSITIVE,0.9993014335632324,8.530733452971617e-07,0.0004941188381053507,0.00020353033323772252
24,NEGATIVE,NEGATIVE,0.023405635729432106,0.7644339799880981,0.036479052156209946,0.17568127810955048
0,POSITIVE,NEUTRAL,0.31839993596076965,0.04137132316827774,0.44828152656555176,0.19194726645946503
1,NEGATIVE,NEGATIVE,0.014674849808216095,0.8475670218467712,0.06752648949623108,0.07023157179355621
2,POSITIVE,POSITIVE,0.662287175655365,0.10309085249900818,0.11285597831010818,0.12176603823900223
3,POSITIVE,POSITIVE,0.8179008364677429,0.0150188859552145,0.06976673752069473,0.09731348603963852
4,NEGATIVE,NEGATIVE,0.015870487317442894,0.9026679396629333,0.0440882183611393,0.03737339377403259
5,POSITIVE,MIXED,0.12990529835224152,0.2288530170917511,0.013858958147466183,0.6273826956748962
6,POSITIVE,POSITIVE,0.7602882981300354,0.005020513664931059,0.01460291538387537,0.22008822858333588
7,NEGATIVE,NEGATIVE,0.008441183716058731,0.6822888851165771,0.27349403500556946,0.035775914788246155
8,NEGATIVE,MIXED,0.05710466578602791,0.1840590536594391,0.008927419781684875,0.7499088644981384
9,POSITIVE,POSITIVE,0.7305355072021484,0.035138171166181564,0.08414773643016815,0.15017859637737274
10,NEGATIVE,NEUTRAL,0.01961360312998295,0.23276975750923157,0.7177232503890991,0.02989334985613823
11,NEGATIVE,NEGATIVE,0.0760452002286911,0.4427354633808136,0.08022365719079971,0.40099573135375977
12,NEGATIVE,MIXED,0.1315518319606781,0.005832336377352476,0.010001215152442455,0.8526145815849304
13,POSITIVE,POSITIVE,0.910555899143219,0.0019447274971753359,0.08276955038309097,0.004729831125587225
14,NEGATIVE,POSITIVE,0.7374063730239868,0.029927676543593407,0.03783071041107178,0.19483524560928345
15,NEGATIVE,NEGATIVE,0.002126262988895178,0.9453181624412537,0.005975354928523302,0.04658021405339241
16,POSITIVE,NEUTRAL,0.1264418512582779,0.34803664684295654,0.370100200176239,0.15542124211788177
17,NEGATIVE,NEGATIVE,0.006250804755836725,0.8639675378799438,0.001669231685809791,0.12811237573623657
18,NEGATIVE,NEGATIVE,0.09616096317768097,0.6181411147117615,0.20786605775356293,0.07783179730176926
19,NEGATIVE,NEGATIVE,0.0029888213612139225,0.9393373727798462,0.018197698518633842,0.03947611525654793
20,NEGATIVE,NEGATIVE,0.000630530877970159,0.9839450716972351,0.004355431534349918,0.011068890802562237
21,POSITIVE,POSITIVE,0.8751101493835449,0.008169745095074177,0.017059901729226112,0.09966027736663818
22,POSITIVE,POSITIVE,0.8432819843292236,0.009186322800815105,0.01954280026257038,0.12798896431922913
23,POSITIVE,POSITIVE,0.9180194139480591,0.0019572563469409943,0.04286355525255203,0.037159767001867294
24,NEGATIVE,NEGATIVE,0.27880966663360596,0.3721451163291931,0.048396509140729904,0.3006487190723419
0,POSITIVE,POSITIVE,0.978845477104187,0.000939258374273777,0.00905389804393053,0.01116135437041521
1,NEGATIVE,NEGATIVE,0.0033407877199351788,0.9511988162994385,0.016977639868855476,0.028482720255851746
2,POSITIVE,NEUTRAL,0.10396099835634232,0.09526386111974716,0.5407314896583557,0.2600436508655548
3,NEGATIVE,NEGATIVE,0.009334023110568523,0.5981841683387756,0.0028314997907727957,0.3896503448486328
4,NEGATIVE,NEGATIVE,0.00018635169544722885,0.9224779605865479,0.0037587378174066544,0.07357688993215561
5,NEGATIVE,NEGATIVE,0.10295975208282471,0.45081186294555664,0.23444156348705292,0.21178680658340454
6,NEGATIVE,MIXED,0.024389587342739105,0.19685375690460205,0.079819455742836,0.698937177658081
7,NEGATIVE,NEGATIVE,0.005034295842051506,0.9350805878639221,0.016288889572024345,0.043596092611551285
8,NEGATIVE,NEGATIVE,0.003585921134799719,0.7814339399337769,0.18484191596508026,0.030138298869132996
9,NEGATIVE,MIXED,0.054682523012161255,0.24607762694358826,0.03179837018251419,0.6674414873123169
10,POSITIVE,POSITIVE,0.9927231669425964,3.524518251651898e-05,0.002383599989116192,0.004857987631112337
11,POSITIVE,POSITIVE,0.9813874959945679,9.091266838368028e-05,0.008247765712440014,0.010273868218064308
12,NEGATIVE,NEGATIVE,0.01730624958872795,0.8250364065170288,0.11373112350702286,0.04392627999186516
13,POSITIVE,MIXED,0.10309384763240814,0.3931167721748352,0.04782504588365555,0.4559643566608429
14,NEGATIVE,NEGATIVE,0.00248813908547163,0.8462948799133301,0.06466064602136612,0.08655624836683273
15,POSITIVE,POSITIVE,0.9986652135848999,2.7361204047338106e-05,0.0003251702000852674,0.0009822652209550142
16,POSITIVE,POSITIVE,0.5144169330596924,0.004062960855662823,0.0019204416312277317,0.47959962487220764
17,NEGATIVE,NEGATIVE,0.0031863779295235872,0.9343189597129822,0.017665378749370575,0.04482930526137352
18,NEGATIVE,NEGATIVE,0.03114977478981018,0.7158922553062439,0.1671665608882904,0.08579138666391373
19,NEGATIVE,NEGATIVE,0.17331553995609283,0.6175230145454407,0.015556738711893559,0.1936047226190567
20,NEGATIVE,NEGATIVE,0.047386255115270615,0.3917633295059204,0.35141998529434204,0.20943045616149902
21,POSITIVE,POSITIVE,0.940157413482666,0.0003601263160817325,0.048266589641571045,0.011216003447771072
22,NEGATIVE,NEGATIVE,0.015137860551476479,0.8527147769927979,0.0329940989613533,0.09915334731340408
23,POSITIVE,POSITIVE,0.7269797325134277,0.04115014895796776,0.15715155005455017,0.0747186467051506
24,NEGATIVE,NEUTRAL,0.03186171501874924,0.35078170895576477,0.6045079231262207,0.012848674319684505
0,NEGATIVE,NEGATIVE,1.1665597412502393e-06,0.9985008239746094,0.0007516556070186198,0.0007463590591214597
1,POSITIVE,POSITIVE,0.8057302832603455,0.004721670411527157,0.0336182564496994,0.1559297889471054
2,POSITIVE,NEGATIVE,0.05712444707751274,0.7709165811538696,0.13995620608329773,0.0320027694106102
3,NEGATIVE,NEGATIVE,0.0007691818755120039,0.9397706389427185,0.006397583056241274,0.05306262895464897
4,NEGATIVE,NEGATIVE,0.0034091277047991753,0.944538950920105,0.031152458861470222,0.020899558439850807
5,POSITIVE,POSITIVE,0.8413139581680298,0.0064885588362813,0.12915243208408356,0.023045049980282784
6,NEGATIVE,POSITIVE,0.403425931930542,0.2862264811992645,0.026553118601441383,0.28379443287849426
7,POSITIVE,POSITIVE,0.919461727142334,0.0020448416471481323,0.05051247030496597,0.027980944141745567
8,NEGATIVE,NEGATIVE,0.004256528336554766,0.767936646938324,0.007745595648884773,0.22006119787693024
9,POSITIVE,MIXED,0.4475916028022766,0.08956824243068695,0.007555132731795311,0.45528510212898254
10,POSITIVE,POSITIVE,0.9901710152626038,4.9007012421498075e-05,0.005489469971507788,0.004290534649044275
11,POSITIVE,POSITIVE,0.7562133073806763,0.01328106690198183,0.06560808420181274,0.16489747166633606
12,POSITIVE,POSITIVE,0.9818875193595886,5.831293674418703e-05,0.014249062165617943,0.0038050259463489056
13,POSITIVE,POSITIVE,0.9743801355361938,0.00012548209633678198,0.0013031603302806616,0.024191254749894142
14,POSITIVE,POSITIVE,0.9754946231842041,0.00012778527161572129,0.0019548863638192415,0.022422635927796364
15,POSITIVE,POSITIVE,0.9859501719474792,5.9392641560407355e-05,0.013560713268816471,0.00042967795161530375
16,NEGATIVE,NEGATIVE,0.011088239960372448,0.5955133438110352,0.35595205426216125,0.03744632378220558
17,NEGATIVE,NEGATIVE,0.0004828765522688627,0.9440511465072632,0.048881348222494125,0.006584532558917999
18,POSITIVE,POSITIVE,0.5542422533035278,0.09318830817937851,0.18108519911766052,0.17148421704769135
19,POSITIVE,POSITIVE,0.7216416001319885,0.00016018227324821055,0.2646760940551758,0.013522117398679256
20,POSITIVE,POSITIVE,0.9838479161262512,0.00012432422954589128,0.015600364655256271,0.00042732528527267277
21,POSITIVE,MIXED,0.05675630643963814,0.1453685760498047,0.0042032888159155846,0.7936718463897705
22,NEGATIVE,POSITIVE,0.4361882209777832,0.06188837066292763,0.35270678997039795,0.14921660721302032
23,NEGATIVE,NEGATIVE,0.00048072857316583395,0.8790450096130371,0.011572925373911858,0.10890129953622818
24,POSITIVE,POSITIVE,0.8463552594184875,0.0014979788102209568,0.0418517105281353,0.11029508709907532
0,POSITIVE,POSITIVE,0.7349191308021545,0.0005671856342814863,0.256916344165802,0.007597310468554497
1,NEGATIVE,NEGATIVE,0.006009123288094997,0.8668633699417114,0.11120294779539108,0.01592460460960865
2,POSITIVE,POSITIVE,0.9555191993713379,0.002593062585219741,0.021801989525556564,0.02008575201034546
3,NEGATIVE,NEGATIVE,2.2837102733319625e-05,0.9922484159469604,0.0007734490791335702,0.006955261807888746
4,NEGATIVE,NEGATIVE,0.001720088766887784,0.8056337237358093,0.008397714234888554,0.1842484325170517
5,NEGATIVE,NEGATIVE,0.015979118645191193,0.7815229892730713,0.1664484739303589,0.036049410700798035
6,NEGATIVE,NEGATIVE,0.00716013927012682,0.8518366813659668,0.08689528703689575,0.05410788208246231
7,POSITIVE,MIXED,0.35006240010261536,0.044590335339307785,0.09398366510868073,0.5113636255264282
8,POSITIVE,POSITIVE,0.8754559755325317,0.002645311178639531,0.06475529819726944,0.05714347958564758
9,NEGATIVE,MIXED,0.0014900177484378219,0.36565306782722473,0.005319362040609121,0.6275375485420227
10,POSITIVE,POSITIVE,0.8526321649551392,0.012160839512944221,0.02145119197666645,0.11375583708286285
11,NEGATIVE,MIXED,0.4043208658695221,0.08737179636955261,0.03930879384279251,0.4689984619617462
12,POSITIVE,POSITIVE,0.5143119096755981,0.022205881774425507,0.40666940808296204,0.056812748312950134
13,NEGATIVE,POSITIVE,0.47798842191696167,0.20320844650268555,0.07319281995296478,0.24561035633087158
14,POSITIVE,POSITIVE,0.737869143486023,0.0305117666721344,0.12490701675415039,0.10671205818653107
15,NEGATIVE,NEGATIVE,0.0022625410929322243,0.9543248414993286,0.026352806016802788,0.01705976203083992
16,NEGATIVE,NEGATIVE,0.0016129188006743789,0.7040567398071289,0.0025069916155189276,0.2918233871459961
17,POSITIVE,POSITIVE,0.953170120716095,0.0009028740460053086,0.016163824126124382,0.029763104394078255
18,NEGATIVE,NEGATIVE,0.05829494073987007,0.6639003157615662,0.19477927684783936,0.08302541822195053
19,POSITIVE,POSITIVE,0.9014313220977783,0.004049730487167835,0.07708067446947098,0.017438316717743874
20,POSITIVE,POSITIVE,0.998529314994812,5.519408205145737e-06,0.001297284266911447,0.00016790468362160027
21,NEGATIVE,NEGATIVE,0.09597339481115341,0.3758968710899353,0.18648545444011688,0.3416442275047302
22,NEGATIVE,NEGATIVE,0.0012890598736703396,0.8116539120674133,0.0007271022768691182,0.18632987141609192
23,POSITIVE,MIXED,0.05734916031360626,0.006785952486097813,0.002132331719622016,0.9337326288223267
24,POSITIVE,MIXED,0.2811257839202881,0.029887113720178604,0.18579408526420593,0.5031930208206177
0,POSITIVE,POSITIVE,0.8391501307487488,0.04088788107037544,0.022039905190467834,0.09792204201221466
1,POSITIVE,POSITIVE,0.6099536418914795,0.026616357266902924,0.04320552200078964,0.3202245235443115
2,POSITIVE,NEUTRAL,0.00719426479190588,5.170105850993423e-06,0.9926471710205078,0.00015334179624915123
3,NEGATIVE,NEGATIVE,0.008568831719458103,0.8890160918235779,0.053548213094472885,0.048866912722587585
4,POSITIVE,POSITIVE,0.7539923787117004,0.011312943883240223,0.0768815129995346,0.1578131467103958
5,POSITIVE,POSITIVE,0.9867522716522217,3.955194551963359e-05,0.012715366668999195,0.000492814346216619
6,POSITIVE,POSITIVE,0.8062067031860352,0.00044527501449920237,0.001595964073203504,0.19175206124782562
7,NEGATIVE,MIXED,0.1774357259273529,0.1604326069355011,0.03824103623628616,0.6238906383514404
8,NEGATIVE,NEGATIVE,0.004368045832961798,0.9248684048652649,0.04412364214658737,0.026639916002750397
9,POSITIVE,MIXED,0.13070431351661682,0.15812049806118011,0.009981249459087849,0.7011938691139221
10,POSITIVE,POSITIVE,0.876990020275116,0.016102096065878868,0.03202435374259949,0.07488355785608292
11,POSITIVE,MIXED,0.11361051350831985,0.22304308414459229,0.294566810131073,0.36877959966659546
12,NEGATIVE,POSITIVE,0.5786427855491638,0.15899167954921722,0.22491773962974548,0.037447795271873474
13,NEGATIVE,NEGATIVE,0.08817732334136963,0.4761035740375519,0.25148963928222656,0.18422941863536835
14,NEGATIVE,NEGATIVE,0.0006308557349257171,0.9088547825813293,0.04696075990796089,0.04355350509285927
15,POSITIVE,POSITIVE,0.6655946373939514,0.030973738059401512,0.1578560471534729,0.14557556807994843
16,POSITIVE,POSITIVE,0.7307305335998535,0.01607947051525116,0.15852858126163483,0.09466138482093811
17,NEGATIVE,NEGATIVE,0.047271572053432465,0.5683026313781738,0.30921775102615356,0.07520802319049835
18,POSITIVE,POSITIVE,0.8775263428688049,0.007359994575381279,0.01034162100404501,0.10477202385663986
19,NEGATIVE,NEGATIVE,0.0016449687536805868,0.9882557392120361,0.004544489085674286,0.005554871167987585
20,POSITIVE,POSITIVE,0.9421339631080627,0.002401670441031456,0.043654900044202805,0.01180954184383154
21,POSITIVE,POSITIVE,0.8545817136764526,0.0027599455788731575,0.0027030601631850004,0.1399553120136261
22,NEGATIVE,NEGATIVE,0.037780582904815674,0.4378962218761444,0.4234485328197479,0.1008746325969696
23,POSITIVE,POSITIVE,0.8485329747200012,0.009032568894326687,0.008028739131987095,0.13440577685832977
24,NEGATIVE,NEGATIVE,0.0010921473149210215,0.7825842499732971,0.0001930607104441151,0.21613061428070068
0,NEGATIVE,NEGATIVE,0.00012142565537942573,0.966623067855835,0.0011248462833464146,0.032130636274814606
1,POSITIVE,POSITIVE,0.9960625767707825,9.18340592761524e-05,0.001907972153276205,0.0019377752905711532
2,NEGATIVE,NEGATIVE,0.004971016198396683,0.8006331324577332,0.04094570130109787,0.1534501314163208
3,NEGATIVE,NEGATIVE,0.10241875052452087,0.4139925539493561,0.14512261748313904,0.3384660482406616
4,POSITIVE,MIXED,0.24252286553382874,0.011836695484817028,0.062479592859745026,0.6831607818603516
5,POSITIVE,POSITIVE,0.9981147050857544,9.993407729780301e-06,0.0011668606894090772,0.0007084877579472959
6,NEGATIVE,NEGATIVE,0.0007203204440884292,0.9339155554771423,0.029937563464045525,0.03542657569050789
7,POSITIVE,POSITIVE,0.8743563294410706,0.007016400340944529,0.052614860236644745,0.06601236760616302
8,POSITIVE,POSITIVE,0.950499415397644,0.001298998249694705,0.04420817643404007,0.00399346137419343
9,POSITIVE,MIXED,0.21225623786449432,0.18012939393520355,0.11940045654773712,0.4882138669490814
10,NEGATIVE,NEGATIVE,0.0008140800055116415,0.9814882278442383,0.008844170719385147,0.008853436447679996
11,NEGATIVE,NEGATIVE,0.07788519561290741,0.6515511274337769,0.13737398386001587,0.13318975269794464
12,NEGATIVE,NEUTRAL,0.23016276955604553,0.02858709543943405,0.6914626359939575,0.04978754743933678
13,POSITIVE,POSITIVE,0.906912624835968,0.0009795024525374174,0.03261049464344978,0.05949738621711731
14,POSITIVE,POSITIVE,0.9769559502601624,0.00011877657379955053,0.020769307389855385,0.0021559749729931355
15,POSITIVE,POSITIVE,0.9759132862091064,9.942468750523403e-05,0.006032632663846016,0.017954712733626366
16,POSITIVE,POSITIVE,0.5835230350494385,0.0022455831058323383,0.3954455256462097,0.01878584921360016
17,NEGATIVE,NEGATIVE,0.02760126069188118,0.7636397480964661,0.17483186721801758,0.03392704203724861
18,NEGATIVE,NEGATIVE,0.00023100020189303905,0.9678234457969666,0.005468405783176422,0.026477215811610222
19,NEGATIVE,NEGATIVE,0.17100459337234497,0.396785169839859,0.11174222081899643,0.320468008518219
20,POSITIVE,POSITIVE,0.8558291792869568,0.0037560341879725456,0.12310797721147537,0.01730680651962757
21,NEGATIVE,NEGATIVE,0.021077340468764305,0.5236988663673401,0.024522293359041214,0.43070152401924133
22,POSITIVE,POSITIVE,0.9370007514953613,0.0002341998042538762,0.06012950465083122,0.0026355169247835875
23,NEGATIVE,NEGATIVE,0.025263987481594086,0.7603645920753479,0.032212089747190475,0.18215934932231903
24,NEGATIVE,NEGATIVE,0.04610639810562134,0.5171769857406616,0.011633530259132385,0.4250830113887787
0,POSITIVE,POSITIVE,0.9860407114028931,0.000595067860558629,0.011477959342300892,0.0018863278673961759
1,POSITIVE,POSITIVE,0.9617207050323486,2.911517003667541e-05,0.03687141835689545,0.0013787386706098914
2,NEGATIVE,NEGATIVE,2.8356449547572993e-05,0.9974173307418823,0.0006820668349973857,0.0018723864341154695
3,NEGATIVE,NEGATIVE,0.028397615998983383,0.8499399423599243,0.06250512599945068,0.059157345443964005
4,NEGATIVE,NEGATIVE,0.004972771741449833,0.5678829550743103,0.024585315957665443,0.4025590419769287
5,NEGATIVE,NEGATIVE,0.0003583169018384069,0.9866156578063965,0.002326415153220296,0.010699581354856491
6,NEGATIVE,NEGATIVE,0.10337042808532715,0.5144968628883362,0.04264405742287636,0.33948859572410583
7,NEGATIVE,NEGATIVE,0.023093655705451965,0.7309525609016418,0.20326760411262512,0.042686205357313156
8,POSITIVE,POSITIVE,0.9671384692192078,0.0026035092305392027,0.018701331689953804,0.011556578800082207
9,NEGATIVE,NEGATIVE,0.005222750827670097,0.9732499718666077,0.008784868754446507,0.01274237222969532
10,POSITIVE,POSITIVE,0.9641664624214172,0.0009429022902622819,0.012604932300746441,0.02228562720119953
11,POSITIVE,POSITIVE,0.6419752240180969,0.1877860128879547,0.07012392580509186,0.1001148670911789
12,NEGATIVE,MIXED,0.12712857127189636,0.28082752227783203,0.1797390580177307,0.41230490803718567
13,POSITIVE,NEUTRAL,0.28807249665260315,0.13350027799606323,0.5015252828598022,0.07690194994211197
14,POSITIVE,MIXED,0.45137616991996765,0.010982289910316467,0.06525353342294693,0.47238802909851074
15,NEGATIVE,NEGATIVE,0.003388399025425315,0.5968000888824463,0.025172347202897072,0.37463921308517456
16,NEGATIVE,NEGATIVE,0.23990502953529358,0.287958025932312,0.1901417374610901,0.28199514746665955
17,NEGATIVE,MIXED,0.006859185639768839,0.03018757328391075,0.0015971233369782567,0.9613561034202576
18,POSITIVE,POSITIVE,0.9841718077659607,0.0001819334429455921,0.0062314849346876144,0.009414728730916977
19,POSITIVE,NEGATIVE,0.14239469170570374,0.3794316053390503,0.28627657890319824,0.19189712405204773
20,POSITIVE,POSITIVE,0.9348563551902771,0.0014758447650820017,0.042647212743759155,0.021020574495196342
21,POSITIVE,POSITIVE,0.9871245622634888,0.00013128157297614962,0.001718191779218614,0.011025956831872463
22,POSITIVE,POSITIVE,0.9907213449478149,3.851113797281869e-05,0.0014475530479103327,0.0077925072982907295
23,NEGATIVE,MIXED,0.2165423333644867,0.2208627611398697,0.0883810967206955,0.4742138683795929
24,POSITIVE,POSITIVE,0.9690436720848083,0.0002510853228159249,0.023011893033981323,0.007693285122513771
0,POSITIVE,POSITIVE,0.7010664939880371,0.001307720085605979,0.21157006919384003,0.08605573326349258
1,POSITIVE,NEGATIVE,0.06142675504088402,0.6006379127502441,0.05815763771533966,0.2797776758670807
2,POSITIVE,NEUTRAL,0.007602638099342585,0.0036599067971110344,0.9881556034088135,0.000581851985771209
3,POSITIVE,MIXED,0.2588919699192047,0.1703101545572281,0.015726309269666672,0.5550715923309326
4,NEGATIVE,NEGATIVE,0.00021400797413662076,0.9718729853630066,0.0037058196030557156,0.02420722506940365
5,NEGATIVE,NEGATIVE,0.00044569704914465547,0.979084849357605,0.007003445643931627,0.013466043397784233
6,NEGATIVE,NEGATIVE,0.004165540914982557,0.8460151553153992,0.10113459825515747,0.0486847385764122
7,NEGATIVE,NEGATIVE,0.040091898292303085,0.6994428634643555,0.173597052693367,0.08686815202236176
8,POSITIVE,NEUTRAL,0.05013451725244522,0.003399389097467065,0.9345598220825195,0.011906294152140617
9,NEGATIVE,NEGATIVE,0.13682128489017487,0.4047321379184723,0.2048594057559967,0.25358709692955017
10,NEGATIVE,NEUTRAL,0.1419164389371872,0.12833523750305176,0.4153110682964325,0.31443727016448975
11,POSITIVE,POSITIVE,0.9970219731330872,0.00015565160720143467,0.0014623281313106418,0.001359951333142817
12,NEGATIVE,NEGATIVE,2.9703167001571273e-06,0.9972562193870544,0.0011047512525692582,0.0016360809095203876
13,POSITIVE,POSITIVE,0.8685378432273865,0.006128847599029541,0.0292675644159317,0.09606578946113586
14,POSITIVE,POSITIVE,0.9895167946815491,0.0001092117017833516,0.002192437881603837,0.008181552402675152
15,NEGATIVE,NEGATIVE,0.08486901223659515,0.48677900433540344,0.3405344784259796,0.08781757950782776
16,POSITIVE,POSITIVE,0.9786325097084045,0.00011441775859566405,0.0013478152686730027,0.019905194640159607
17,POSITIVE,POSITIVE,0.8867699503898621,0.001269846223294735,0.0186590738594532,0.09330113977193832
18,POSITIVE,POSITIVE,0.9790852069854736,0.00013902167847845703,0.005091201979666948,0.01568467542529106
19,NEGATIVE,NEGATIVE,0.0034222109243273735,0.8885780572891235,0.0018719416111707687,0.10612781345844269
20,NEGATIVE,NEGATIVE,0.0101398266851902,0.8984246253967285,0.06055736169219017,0.03087811917066574
21,POSITIVE,POSITIVE,0.9372899532318115,7.097210527717834e-06,0.056520894169807434,0.006182000041007996
22,NEGATIVE,NEGATIVE,0.050849799066782,0.5512360334396362,0.18129774928092957,0.2166164368391037
23,NEGATIVE,NEUTRAL,0.17981015145778656,0.18446974456310272,0.4482361972332001,0.18748396635055542
24,NEGATIVE,NEGATIVE,0.0038440560456365347,0.868646502494812,0.0651761144399643,0.062333349138498306
0,NEGATIVE,MIXED,0.0034167952835559845,0.35795289278030396,0.0012378542451187968,0.6373924612998962
1,POSITIVE,POSITIVE,0.9664928317070007,0.002134790411219001,0.009952425956726074,0.02141999639570713
2,NEGATIVE,NEUTRAL,0.13144353032112122,0.130621075630188,0.39814236760139465,0.33979302644729614
3,NEGATIVE,NEGATIVE,0.004945034626871347,0.8935713171958923,0.03028944507241249,0.07119421660900116
4,POSITIVE,POSITIVE,0.8152428269386292,0.015547803603112698,0.034525059163570404,0.13468436896800995
5,NEGATIVE,NEGATIVE,0.01283719390630722,0.8027681708335876,0.161582350730896,0.022812237963080406
6,POSITIVE,POSITIVE,0.9388831257820129,0.005684719420969486,0.031696248799562454,0.023736003786325455
7,POSITIVE,POSITIVE,0.698294460773468,0.05021708086133003,0.10403713583946228,0.1474512219429016
8,NEGATIVE,MIXED,0.16396531462669373,0.14008544385433197,0.09680476039648056,0.599144458770752
9,POSITIVE,POSITIVE,0.6910228729248047,0.017334042116999626,0.19483478367328644,0.09680826961994171
10,POSITIVE,POSITIVE,0.9233372807502747,0.0018293177708983421,0.06663358956575394,0.008199653588235378
11,NEGATIVE,NEGATIVE,0.0013156719505786896,0.9883372187614441,0.007545248605310917,0.0028018057346343994
12,POSITIVE,POSITIVE,0.9977362155914307,8.320134838868398e-06,0.0005835919291712344,0.0016717702383175492
13,POSITIVE,POSITIVE,0.8429883122444153,0.040554020553827286,0.02922908589243889,0.08722852915525436
14,NEGATIVE,NEGATIVE,8.371478179469705e-05,0.9620813131332397,0.017326705157756805,0.020508233457803726
15,POSITIVE,POSITIVE,0.9608929753303528,0.0014759425539523363,0.01464137714356184,0.02298971824347973
16,NEGATIVE,NEGATIVE,0.07743623852729797,0.738661527633667,0.06313399225473404,0.12076827883720398
17,NEGATIVE,NEGATIVE,0.01485886424779892,0.7401328682899475,0.0914192646741867,0.15358905494213104
18,POSITIVE,POSITIVE,0.7739438414573669,0.043187253177165985,0.0550214909017086,0.12784740328788757
19,POSITIVE,NEUTRAL,0.0012238378403708339,3.6175174500385765e-06,0.9986730813980103,9.95332738966681e-05
20,NEGATIVE,MIXED,0.23617683351039886,0.08812975138425827,0.042090389877557755,0.633603036403656
21,POSITIVE,POSITIVE,0.9930563569068909,1.8056012777378783e-05,0.005828541703522205,0.0010970457224175334
22,POSITIVE,POSITIVE,0.9315521717071533,0.00019094313029199839,0.001750219496898353,0.06650669872760773
23,NEGATIVE,NEGATIVE,0.0069265710189938545,0.9710816144943237,0.003826598636806011,0.018165165558457375
24,POSITIVE,MIXED,0.3713945746421814,0.0983770564198494,0.046891938894987106,0.4833364188671112
0,POSITIVE,POSITIVE,0.7775833010673523,0.005763867869973183,0.19491168856620789,0.021741140633821487
1,POSITIVE,POSITIVE,0.8830147981643677,0.014943909831345081,0.054103054106235504,0.047938235104084015
2,NEGATIVE,MIXED,0.04598206654191017,0.10926464200019836,0.021457023918628693,0.8232962489128113
3,POSITIVE,POSITIVE,0.9814006090164185,1.924774369399529e-05,0.00023259507725015283,0.018347566947340965
4,NEGATIVE,NEGATIVE,0.003310411237180233,0.9549249410629272,0.013790527358651161,0.027974024415016174
5,POSITIVE,NEUTRAL,0.38774994015693665,0.0012155092554166913,0.6013168692588806,0.009717617183923721
6,NEGATIVE,NEGATIVE,4.562265985441627e-06,0.9956627488136292,0.002987619023770094,0.0013451570412144065
7,POSITIVE,NEUTRAL,0.002945676213130355,0.2858053743839264,0.7039284706115723,0.0073205106891691685
8,NEGATIVE,NEGATIVE,3.077223300351761e-05,0.9918443560600281,0.005939728580415249,0.0021851155906915665
9,NEGATIVE,NEGATIVE,0.0073260171338915825,0.852591335773468,0.1153227686882019,0.024759860709309578
10,NEGATIVE,NEGATIVE,5.40470500709489e-05,0.9907960891723633,0.00012811059423256665,0.009021662175655365
11,NEGATIVE,NEUTRAL,0.05976623669266701,0.3715595006942749,0.5317925214767456,0.0368816964328289
12,NEGATIVE,NEGATIVE,0.013042200356721878,0.6886554956436157,0.10326573252677917,0.1950366199016571
13,POSITIVE,POSITIVE,0.9965078234672546,6.184731319081038e-05,0.0004703875456470996,0.0029597959946841
14,NEGATIVE,POSITIVE,0.4493785500526428,0.07104756683111191,0.438772588968277,0.04080125689506531
15,NEGATIVE,MIXED,0.006016005761921406,0.18226779997348785,0.005296675954014063,0.8064194917678833
16,NEGATIVE,NEGATIVE,0.04005204886198044,0.6367106437683105,0.2527170479297638,0.07052020728588104
17,POSITIVE,POSITIVE,0.5158296823501587,0.08063965290784836,0.07542435824871063,0.3281063139438629
18,POSITIVE,POSITIVE,0.9896823763847351,0.00021820247638970613,0.00361255113966763,0.006486940197646618
19,POSITIVE,POSITIVE,0.7324854731559753,0.054788798093795776,0.182804673910141,0.029921064153313637
20,NEGATIVE,NEGATIVE,0.009436242282390594,0.938464879989624,0.017293129116296768,0.03480585291981697
21,POSITIVE,POSITIVE,0.9192655682563782,0.00457710912451148,0.05382448807358742,0.022332752123475075
22,NEGATIVE,NEUTRAL,0.015453619882464409,0.27635103464126587,0.679736316204071,0.028459034860134125
23,POSITIVE,POSITIVE,0.9918845891952515,1.2112457625335082e-05,0.0035961915273219347,0.004507153760641813
24,NEGATIVE,NEGATIVE,0.00471780588850379,0.9415006637573242,0.02951088361442089,0.02427065744996071
0,POSITIVE,NEGATIVE,0.015967221930623055,0.6392003893852234,0.2431684285402298,0.1016639918088913
1,POSITIVE,POSITIVE,0.9912887811660767,8.40517441247357e-06,0.000854567508213222,0.007848162204027176
2,NEGATIVE,NEGATIVE,0.0005565223982557654,0.9795056581497192,0.016628948971629143,0.003308886429294944
3,POSITIVE,POSITIVE,0.643886148929596,0.00584042863920331,0.006286469288170338,0.3439868986606598
4,POSITIVE,POSITIVE,0.9792927503585815,2.646770553837996e-05,0.01885480247437954,0.0018259966745972633
5,POSITIVE,POSITIVE,0.9928411245346069,0.00041961288661696017,0.003744235262274742,0.0029951182659715414
6,NEGATIVE,NEGATIVE,0.025467917323112488,0.595251739025116,0.326297402381897,0.05298292636871338
7,POSITIVE,POSITIVE,0.7155860662460327,0.0016910417471081018,0.006742597557604313,0.2759801745414734
8,POSITIVE,POSITIVE,0.9900239109992981,6.019119973643683e-05,0.00838566105812788,0.0015302365645766258
9,POSITIVE,MIXED,0.278892457485199,0.006889162585139275,0.017548860982060432,0.6966695189476013
10,NEGATIVE,NEGATIVE,0.010445122607052326,0.8148203492164612,0.016455018892884254,0.15827947854995728
11,NEGATIVE,MIXED,0.002864049281924963,0.13330711424350739,0.002335857367143035,0.8614929914474487
12,NEGATIVE,POSITIVE,0.4358903467655182,0.14914032816886902,0.04827317222952843,0.3666961193084717
13,POSITIVE,NEGATIVE,0.03931313753128052,0.7770252823829651,0.05041471868753433,0.13324686884880066
14,NEGATIVE,NEGATIVE,0.028030987828969955,0.4868481457233429,0.4683292508125305,0.016791678965091705
15,POSITIVE,POSITIVE,0.9799495339393616,0.0005060447729192674,0.01394512876868248,0.005599244963377714
16,NEGATIVE,NEGATIVE,0.01470437366515398,0.6539520025253296,0.27817291021347046,0.053170789033174515
17,POSITIVE,POSITIVE,0.93794846534729,0.007865728810429573,0.010360497049987316,0.04382525011897087
18,POSITIVE,POSITIVE,0.517523467540741,0.004459773655980825,0.46659988164901733,0.011416878551244736
19,POSITIVE,POSITIVE,0.9926626682281494,6.890598160680383e-05,0.004175170324742794,0.0030932200606912374
20,POSITIVE,POSITIVE,0.8221579790115356,0.00232659000903368,0.03889897093176842,0.13661645352840424
21,NEGATIVE,MIXED,0.11088015884160995,0.07026322185993195,0.006939667742699385,0.8119169473648071
22,NEGATIVE,NEUTRAL,0.24911467730998993,0.1748194545507431,0.4186461567878723,0.15741971135139465
23,POSITIVE,NEUTRAL,0.13080710172653198,0.013653970323503017,0.849991500377655,0.005547389388084412
24,NEGATIVE,NEGATIVE,0.022468823939561844,0.7383872270584106,0.0628177747130394,0.176326185464859
0,NEGATIVE,NEGATIVE,0.013773624785244465,0.8626609444618225,0.02770298533141613,0.09586252272129059
1,POSITIVE,POSITIVE,0.5587249398231506,0.05416371673345566,0.31593576073646545,0.07117549329996109
2,POSITIVE,POSITIVE,0.9715097546577454,0.0014797000912949443,0.012718084268271923,0.014292414300143719
3,NEGATIVE,NEGATIVE,0.0003929929225705564,0.9743097424507141,0.016975359991192818,0.008321966044604778
4,POSITIVE,POSITIVE,0.6609616279602051,0.17358724772930145,0.05116993561387062,0.11428119242191315
5,POSITIVE,POSITIVE,0.990210771560669,7.090182407409884e-06,0.004481394775211811,0.0053007518872618675
6,NEGATIVE,NEGATIVE,0.008553529158234596,0.8486958146095276,0.014964642934501171,0.1277860552072525
7,POSITIVE,POSITIVE,0.48173218965530396,0.2989826500415802,0.005535016767680645,0.21375016868114471
8,POSITIVE,POSITIVE,0.5074127912521362,0.029511328786611557,0.37255656719207764,0.09051933884620667
9,NEGATIVE,MIXED,0.10276786237955093,0.35334378480911255,0.011976443231105804,0.5319119095802307
10,POSITIVE,POSITIVE,0.545615553855896,0.05514777451753616,0.003983411472290754,0.3952532112598419
11,NEGATIVE,NEGATIVE,0.0064797899685800076,0.9110098481178284,0.039707016199827194,0.042803358286619186
12,POSITIVE,POSITIVE,0.9816415309906006,0.0002098344557452947,0.011470046825706959,0.0066785807721316814
13,NEGATIVE,NEGATIVE,0.021257558837532997,0.8505761027336121,0.11548416316509247,0.012682106345891953
14,NEGATIVE,NEGATIVE,0.15515077114105225,0.3477320671081543,0.21602191030979156,0.2810952663421631
15,POSITIVE,POSITIVE,0.8917620778083801,0.0009478405700065196,0.07989989966154099,0.02739015966653824
16,NEGATIVE,NEGATIVE,0.005398131441324949,0.8918018341064453,0.06502324342727661,0.037776753306388855
17,POSITIVE,POSITIVE,0.9249953627586365,0.009749392978847027,0.05261165276169777,0.012643668800592422
18,POSITIVE,POSITIVE,0.9934800863265991,7.388523226836696e-05,0.0018483519088476896,0.0045976052060723305
19,POSITIVE,POSITIVE,0.76984703540802,0.007414409890770912,0.0024545483756810427,0.22028400003910065
20,POSITIVE,POSITIVE,0.9934284090995789,2.8007520086248405e-05,0.0015785566065460443,0.004965086001902819
21,NEGATIVE,NEGATIVE,0.30784958600997925,0.4306815266609192,0.05105171725153923,0.21041713654994965
22,POSITIVE,POSITIVE,0.8283761143684387,0.002441991353407502,0.0031662744004279375,0.166015625
23,NEGATIVE,NEGATIVE,0.004814335610717535,0.9037992358207703,0.04858972877264023,0.04279675707221031
24,NEGATIVE,NEGATIVE,0.0003790810878854245,0.9736165404319763,0.010943224653601646,0.015061220154166222
0,POSITIVE,POSITIVE,0.9987084865570068,1.8098859072779305e-05,0.0006886232877150178,0.0005848401342518628
1,NEGATIVE,NEUTRAL,0.06664500385522842,0.031817302107810974,0.746023416519165,0.15551434457302094
2,NEGATIVE,NEGATIVE,0.17432056367397308,0.6070371866226196,0.025271238759160042,0.19337098300457
3,NEGATIVE,NEGATIVE,0.00011441734386608005,0.970879852771759,0.0018659478519111872,0.027139686048030853
4,NEGATIVE,NEGATIVE,0.018018117174506187,0.5277333855628967,0.394794762134552,0.05945369228720665
5,NEGATIVE,NEGATIVE,0.002696857787668705,0.9484976530075073,0.006350248586386442,0.04245535656809807
6,POSITIVE,POSITIVE,0.9777347445487976,0.0002509037440177053,0.011565029621124268,0.010449294000864029
7,POSITIVE,POSITIVE,0.544461727142334,0.01924789883196354,0.4011240303516388,0.03516640141606331
8,NEGATIVE,POSITIVE,0.6976363062858582,0.00958328228443861,0.22673097252845764,0.06604944169521332
9,POSITIVE,POSITIVE,0.8690657019615173,0.005736498162150383,0.10339803248643875,0.021799761801958084
10,NEGATIVE,NEGATIVE,0.019894272089004517,0.8009321689605713,0.04111712798476219,0.13805632293224335
11,POSITIVE,POSITIVE,0.6379507184028625,0.017233405262231827,0.2161739319562912,0.12864190340042114
12,NEGATIVE,NEGATIVE,0.0012732381001114845,0.883506715297699,0.0958692654967308,0.019350901246070862
13,NEGATIVE,NEGATIVE,0.01832415536046028,0.7153480648994446,0.004035528749227524,0.2622922956943512
14,NEGATIVE,NEGATIVE,0.005675246473401785,0.7079075574874878,0.004394189920276403,0.28202295303344727
15,POSITIVE,POSITIVE,0.6373128890991211,0.01071529183536768,0.03663793206214905,0.31533393263816833
16,POSITIVE,POSITIVE,0.8575214743614197,0.01843598298728466,0.09404579550027847,0.029996778815984726
17,POSITIVE,POSITIVE,0.6472736597061157,0.14887775480747223,0.05537150800228119,0.14847707748413086
18,POSITIVE,POSITIVE,0.9607589244842529,0.0021975080017000437,0.01680617406964302,0.02023734152317047
19,POSITIVE,POSITIVE,0.9850494265556335,0.0003069942758884281,0.0005142405279912055,0.014129409566521645
20,NEGATIVE,NEGATIVE,0.03213902562856674,0.8847878575325012,0.01663179136812687,0.06644131243228912
21,POSITIVE,POSITIVE,0.9610335230827332,0.002097558230161667,0.022694166749715805,0.014174757525324821
22,NEGATIVE,NEGATIVE,0.0002241131878690794,0.9869567155838013,0.006113341543823481,0.006705866660922766
23,POSITIVE,POSITIVE,0.8957969546318054,0.0008923665154725313,0.09632868319749832,0.006982050836086273
24,POSITIVE,POSITIVE,0.9403477311134338,0.004559273831546307,0.03570494428277016,0.019388046115636826
0,POSITIVE,POSITIVE,0.9526752829551697,0.0013422893825918436,0.007257537916302681,0.03872484713792801
1,POSITIVE,POSITIVE,0.9969149827957153,5.191002401261358e-06,0.0005337543552741408,0.0025460938923060894
2,NEGATIVE,NEGATIVE,0.0027673535514622927,0.782837986946106,0.18152761459350586,0.032866984605789185
3,NEGATIVE,NEGATIVE,0.005322301294654608,0.7844464182853699,0.01918463036417961,0.19104664027690887
4,POSITIVE,POSITIVE,0.8821065425872803,0.0020521788392215967,0.0999860092997551,0.01585531048476696
5,NEGATIVE,POSITIVE,0.3816862404346466,0.1753617525100708,0.1554272621870041,0.2875247299671173
6,NEGATIVE,NEGATIVE,0.0061911591328680515,0.7006486058235168,0.26826030015945435,0.024899929761886597
7,POSITIVE,POSITIVE,0.9927853345870972,1.1715456821548287e-05,0.006032654549926519,0.0011703219497576356
8,POSITIVE,POSITIVE,0.935851514339447,0.0023126511368900537,0.01638316921889782,0.04545263946056366
9,NEGATIVE,NEGATIVE,0.0004027168615721166,0.9848825335502625,0.003803689032793045,0.010911062359809875
10,NEGATIVE,NEGATIVE,0.03755112364888191,0.8409541249275208,0.054000262171030045,0.06749462336301804
11,POSITIVE,POSITIVE,0.9942792654037476,3.62033551937202e-06,0.0018051512306556106,0.003911924548447132
12,POSITIVE,NEUTRAL,0.13561584055423737,0.003399058012291789,0.8509693145751953,0.010015849024057388
13,NEGATIVE,NEGATIVE,0.034874022006988525,0.5889473557472229,0.2345769852399826,0.14160168170928955
14,NEGATIVE,NEGATIVE,0.0004424397775437683,0.9882208108901978,0.0040785884484648705,0.007258167024701834
15,POSITIVE,POSITIVE,0.7988069653511047,0.05707503855228424,0.10684666782617569,0.03727130964398384
16,POSITIVE,POSITIVE,0.9088080525398254,0.0003163142828270793,0.07875619828701019,0.012119410559535027
17,NEGATIVE,NEGATIVE,0.08376391232013702,0.538323700428009,0.23423142731189728,0.14368097484111786
18,NEGATIVE,NEGATIVE,0.0001223956060130149,0.998238205909729,0.0003089035744778812,0.0013304543681442738
19,POSITIVE,POSITIVE,0.8894050717353821,0.0015989538514986634,0.103106789290905,0.0058891852386295795
20,NEGATIVE,NEGATIVE,0.0005349285202100873,0.9819920063018799,0.005725780967622995,0.011747284792363644
21,NEGATIVE,POSITIVE,0.4658733606338501,0.07186953723430634,0.27418380975723267,0.1880733072757721
22,NEGATIVE,NEGATIVE,0.0018149199895560741,0.968612551689148,0.008828835561871529,0.02074361778795719
23,NEGATIVE,POSITIVE,0.5486608147621155,0.2446710467338562,0.03763530030846596,0.16903282701969147
24,POSITIVE,POSITIVE,0.9813868403434753,0.00029492450994439423,0.004006095230579376,0.014312154613435268
0,POSITIVE,POSITIVE,0.8108260631561279,0.007464199792593718,0.02651868760585785,0.15519095957279205
1,NEGATIVE,MIXED,0.1789838671684265,0.17167595028877258,0.08141178637742996,0.5679283738136292
2,NEGATIVE,NEGATIVE,0.0054990192875266075,0.7420874238014221,0.1425100564956665,0.10990346968173981
3,NEGATIVE,NEGATIVE,0.005588005296885967,0.9203227758407593,0.04725215956568718,0.02683700993657112
4,NEGATIVE,NEGATIVE,0.0033081809524446726,0.8638375401496887,0.0839049369096756,0.04894944652915001
5,NEGATIVE,NEGATIVE,0.00016174960182979703,0.9715566039085388,0.0017590434290468693,0.02652261219918728
6,POSITIVE,POSITIVE,0.5215803980827332,0.03360259160399437,0.4066687226295471,0.038148362189531326
7,NEGATIVE,NEGATIVE,0.11740429699420929,0.6779429912567139,0.06470712274312973,0.1399456262588501
8,POSITIVE,POSITIVE,0.8370841145515442,0.026659071445465088,0.039354193955659866,0.09690260887145996
9,NEGATIVE,NEUTRAL,0.0016360273584723473,0.15776149928569794,0.8373100757598877,0.0032923787366598845
10,NEGATIVE,NEGATIVE,0.00016193890769500285,0.9913989305496216,0.001883972086943686,0.006555153056979179
11,NEGATIVE,NEGATIVE,0.007005320396274328,0.7215442061424255,0.01010393351316452,0.26134660840034485
12,NEGATIVE,NEGATIVE,0.0042467257007956505,0.8309041261672974,0.04566081240773201,0.11918824166059494
13,NEGATIVE,MIXED,0.13338634371757507,0.3320610225200653,0.1610366553068161,0.3735159933567047
14,NEGATIVE,NEGATIVE,0.02368154376745224,0.5205969214439392,0.014136584475636482,0.4415850043296814
15,POSITIVE,POSITIVE,0.5759652853012085,0.037787314504384995,0.054759763181209564,0.33148765563964844
16,NEGATIVE,NEGATIVE,0.01119924895465374,0.9112004637718201,0.004490463063120842,0.07310982048511505
17,NEGATIVE,NEGATIVE,0.014212232083082199,0.7727771997451782,0.07448023557662964,0.13853031396865845
18,NEGATIVE,NEGATIVE,0.0011308263055980206,0.9666241407394409,0.01379749272018671,0.01844746433198452
19,POSITIVE,POSITIVE,0.9169117212295532,0.00186467997264117,0.06529879570007324,0.01592482440173626
20,NEGATIVE,NEGATIVE,0.0014270053943619132,0.7397536635398865,0.011479062028229237,0.24734030663967133
21,POSITIVE,POSITIVE,0.9911675453186035,1.7997763279709034e-05,0.003500279039144516,0.005314224399626255
22,POSITIVE,POSITIVE,0.9714697003364563,0.0001230706984642893,0.0010462735081091523,0.02736085094511509
23,POSITIVE,POSITIVE,0.5118094682693481,0.02169925346970558,0.06129978224635124,0.4051915109157562
24,NEGATIVE,NEGATIVE,0.01180257834494114,0.7352672219276428,0.1659889966249466,0.08694114536046982
0,NEGATIVE,NEGATIVE,0.053426098078489304,0.5406429767608643,0.05532927066087723,0.3506016731262207
1,POSITIVE,POSITIVE,0.7549285888671875,0.025640498846769333,0.06579696387052536,0.15363389253616333
2,NEGATIVE,NEGATIVE,0.010533678345382214,0.8812112212181091,0.03244144469499588,0.07581374049186707
3,NEGATIVE,NEGATIVE,0.00816827267408371,0.8354637026786804,0.051713746041059494,0.1046542301774025
4,NEGATIVE,NEGATIVE,0.08867579698562622,0.5162070393562317,0.17304161190986633,0.22207555174827576
5,POSITIVE,POSITIVE,0.9297906160354614,0.0026011259760707617,0.01746923103928566,0.05013906955718994
6,NEGATIVE,NEGATIVE,0.00035884909448213875,0.9772636294364929,0.014943771064281464,0.007433757185935974
7,NEGATIVE,NEGATIVE,0.1001865565776825,0.4267243444919586,0.2152273803949356,0.2578616738319397
8,POSITIVE,POSITIVE,0.7567211985588074,0.03390604630112648,0.1504126936197281,0.05896011367440224
9,NEGATIVE,NEGATIVE,0.009996477514505386,0.8616434335708618,0.06238195300102234,0.06597815454006195
10,NEGATIVE,NEGATIVE,0.009769733995199203,0.9102122187614441,0.05446524918079376,0.025552766397595406
11,NEGATIVE,NEUTRAL,0.008520790375769138,0.05817285180091858,0.9197316765785217,0.013574551790952682
12,NEGATIVE,NEGATIVE,0.08923639357089996,0.5242246985435486,0.025357913225889206,0.36118096113204956
13,POSITIVE,POSITIVE,0.8829964995384216,0.0005945836892351508,0.00504594761878252,0.1113629937171936
14,NEGATIVE,NEGATIVE,0.005026915110647678,0.9424397349357605,0.015011505223810673,0.03752187266945839
15,NEGATIVE,NEGATIVE,0.0038901441730558872,0.929336428642273,0.012061009183526039,0.054712433367967606
16,NEGATIVE,NEGATIVE,0.08788006007671356,0.7740663290023804,0.01193595863878727,0.12611758708953857
17,POSITIVE,POSITIVE,0.8823954463005066,0.02423921972513199,0.015611028298735619,0.07775431871414185
18,POSITIVE,POSITIVE,0.9747400283813477,0.0009636232280172408,0.013110307976603508,0.011186058633029461
19,POSITIVE,POSITIVE,0.9193835258483887,0.004047415219247341,0.0010336082195863128,0.07553546130657196
20,POSITIVE,POSITIVE,0.6288438439369202,0.07511153072118759,0.22786930203437805,0.0681752935051918
21,POSITIVE,POSITIVE,0.9524211287498474,0.00014598002599086612,0.0031420185696333647,0.04429079592227936
22,NEGATIVE,MIXED,0.09346549212932587,0.08958312124013901,0.11026782542467117,0.7066835761070251
23,POSITIVE,POSITIVE,0.7355478405952454,0.02130238525569439,0.12616971135139465,0.11697997152805328
24,NEGATIVE,NEGATIVE,0.23434403538703918,0.41141602396965027,0.009575698524713516,0.3446642756462097
0,NEGATIVE,NEGATIVE,0.07203107327222824,0.44664788246154785,0.4297851026058197,0.05153590440750122
1,POSITIVE,POSITIVE,0.9786953330039978,0.00012498949945438653,0.0011652791872620583,0.0200144425034523
2,NEGATIVE,NEGATIVE,0.0011076125083491206,0.9713534116744995,0.006542176008224487,0.020996876060962677
3,NEGATIVE,NEGATIVE,0.0002024705900112167,0.8758574724197388,0.0013400438474491239,0.12260004878044128
4,NEGATIVE,NEGATIVE,0.004508520010858774,0.9614526629447937,0.015680067241191864,0.018358737230300903
5,NEGATIVE,NEGATIVE,0.0007037689792923629,0.961414098739624,0.006691839545965195,0.03119024820625782
6,POSITIVE,NEGATIVE,0.22804692387580872,0.3635759651660919,0.04868127405643463,0.35969576239585876
7,NEGATIVE,NEGATIVE,3.6333272873889655e-05,0.9890264868736267,0.000348755216691643,0.010588490404188633
8,POSITIVE,POSITIVE,0.7338744401931763,0.00865494180470705,0.017391107976436615,0.24007956683635712
9,NEGATIVE,POSITIVE,0.5512190461158752,0.0013069744454696774,0.01303628459572792,0.43443769216537476
10,NEGATIVE,NEGATIVE,0.004288358148187399,0.9667375683784485,0.013498932123184204,0.015475213527679443
11,POSITIVE,POSITIVE,0.7684407234191895,0.009121470153331757,0.02399703860282898,0.19844073057174683
12,NEGATIVE,NEGATIVE,0.03777695447206497,0.6245339512825012,0.1755254715681076,0.16216367483139038
13,POSITIVE,POSITIVE,0.7941804528236389,0.009898001328110695,0.18791626393795013,0.008005199022591114
14,NEGATIVE,NEGATIVE,0.005743939895182848,0.9407712817192078,0.031184932217001915,0.022299829870462418
15,NEGATIVE,NEGATIVE,0.0009781671687960625,0.9328731298446655,0.009143839590251446,0.05700491741299629
16,NEGATIVE,NEGATIVE,0.001173604978248477,0.9890509843826294,0.001876157708466053,0.007899179123342037
17,NEGATIVE,NEGATIVE,0.11042482405900955,0.45720234513282776,0.009755002334713936,0.42261776328086853
18,NEGATIVE,NEGATIVE,0.0144919129088521,0.8036580085754395,0.03958258032798767,0.14226755499839783
19,POSITIVE,POSITIVE,0.9865520596504211,4.4072883611079305e-05,0.005635113455355167,0.007768698967993259
20,POSITIVE,POSITIVE,0.9416632056236267,0.0013896077871322632,0.03897508606314659,0.01797218807041645
21,NEGATIVE,NEGATIVE,0.009047064930200577,0.9181332588195801,0.046805113554000854,0.026014598086476326
22,POSITIVE,NEGATIVE,0.06509853899478912,0.7675742506980896,0.11252632737159729,0.054800890386104584
23,NEGATIVE,MIXED,0.03067285381257534,0.37262484431266785,0.0651601105928421,0.5315422415733337
24,NEGATIVE,NEUTRAL,0.03320235759019852,0.28279876708984375,0.6147872805595398,0.06921160221099854
0,NEGATIVE,NEGATIVE,0.005098335910588503,0.9635742902755737,0.020005958154797554,0.011321415193378925
1,POSITIVE,POSITIVE,0.8537414073944092,0.00046474006376229227,0.14426088333129883,0.0015330157475546002
2,POSITIVE,POSITIVE,0.9618264436721802,0.005934924352914095,0.003055064706131816,0.029183510690927505
3,NEGATIVE,MIXED,0.00803617388010025,0.006761095952242613,0.00042986939661204815,0.984772801399231
4,POSITIVE,POSITIVE,0.9675405025482178,0.00013876966841053218,0.03144839033484459,0.0008723506471142173
5,NEGATIVE,NEGATIVE,0.024829719215631485,0.6578401923179626,0.11520414054393768,0.20212596654891968
6,NEGATIVE,NEUTRAL,0.3129589557647705,0.23356971144676208,0.3350791037082672,0.11839224398136139
7,POSITIVE,POSITIVE,0.7653446793556213,0.00020969031902495772,0.23342861235141754,0.0010169843444600701
8,POSITIVE,POSITIVE,0.9760361313819885,0.00043502607150003314,0.015356718562543392,0.008172105997800827
9,POSITIVE,POSITIVE,0.8115347027778625,0.010783721692860126,0.047053128480911255,0.13062845170497894
10,NEGATIVE,NEUTRAL,0.0017924231942743063,0.36588871479034424,0.6084131598472595,0.023905711248517036
11,NEGATIVE,NEGATIVE,0.0003797121753450483,0.9335505366325378,0.02276001125574112,0.04330969229340553
12,NEGATIVE,NEGATIVE,0.021205520257353783,0.9015783071517944,0.05896954983472824,0.018246645107865334
13,NEGATIVE,NEGATIVE,0.021537011489272118,0.7109270095825195,0.04201125726103783,0.22552473843097687
14,POSITIVE,POSITIVE,0.7158840894699097,0.01662612147629261,0.09850014746189117,0.16898968815803528
15,POSITIVE,NEUTRAL,0.39662548899650574,0.0037375683896243572,0.5925214290618896,0.007115527056157589
16,POSITIVE,POSITIVE,0.8141829371452332,0.001206028857268393,0.16614340245723724,0.018467679619789124
17,POSITIVE,POSITIVE,0.9521943926811218,0.003058103146031499,0.009932095184922218,0.034815482795238495
18,POSITIVE,MIXED,0.19431555271148682,0.005906049162149429,0.0024677561596035957,0.7973106503486633
19,NEGATIVE,NEGATIVE,0.06162932887673378,0.5517738461494446,0.19536522030830383,0.19123157858848572
20,POSITIVE,POSITIVE,0.925337553024292,0.0009028083877637982,0.007765075657516718,0.06599462032318115
21,POSITIVE,POSITIVE,0.9641091823577881,0.0018220137571915984,0.009140013717114925,0.02492881938815117
22,NEGATIVE,NEGATIVE,0.030248625203967094,0.7015936970710754,0.1524098515510559,0.11574779450893402
23,POSITIVE,POSITIVE,0.8918284773826599,0.0014808851992711425,0.09929590672254562,0.007394821383059025
24,POSITIVE,POSITIVE,0.9049342274665833,0.0045326086692512035,0.008342975750565529,0.08219014108181
0,NEGATIVE,NEUTRAL,0.07502713799476624,0.24989460408687592,0.6499963402748108,0.025081908330321312
1,POSITIVE,MIXED,0.20066267251968384,0.04607440531253815,0.006770683452486992,0.7464922666549683
2,NEGATIVE,NEGATIVE,0.16007643938064575,0.4286109507083893,0.20489345490932465,0.20641914010047913
3,NEGATIVE,NEGATIVE,0.03804680332541466,0.6876948475837708,0.03393731638789177,0.24032093584537506
4,POSITIVE,POSITIVE,0.9739040732383728,5.404260446084663e-05,0.015472388826310635,0.010569536127150059
5,POSITIVE,POSITIVE,0.7824086546897888,0.03271070867776871,0.07678946107625961,0.10809113085269928
6,POSITIVE,NEUTRAL,0.3971196711063385,0.007115939166396856,0.5677822232246399,0.027982141822576523
7,NEGATIVE,NEUTRAL,0.017961416393518448,0.45155054330825806,0.45731407403945923,0.07317399233579636
8,NEGATIVE,POSITIVE,0.5207024216651917,0.23972772061824799,0.11076507717370987,0.12880480289459229
9,POSITIVE,MIXED,0.1957654505968094,0.053761567920446396,0.17541052401065826,0.5750624537467957
10,NEGATIVE,POSITIVE,0.9294803738594055,0.0024337617214769125,0.054600439965724945,0.013485350646078587
11,NEGATIVE,MIXED,0.03835597261786461,0.3356016278266907,0.006090426817536354,0.6199519634246826
12,NEGATIVE,NEGATIVE,0.0068858652375638485,0.5239272117614746,0.05483795702457428,0.4143489599227905
13,POSITIVE,POSITIVE,0.9981600642204285,1.3880681990485755e-06,0.0011464288691058755,0.0006921004969626665
14,POSITIVE,NEUTRAL,0.4662970006465912,5.068811515229754e-05,0.5324251651763916,0.0012271135346964002
15,POSITIVE,POSITIVE,0.9475829601287842,0.002709640422835946,0.009408936835825443,0.040298476815223694
16,NEGATIVE,MIXED,0.09808710962533951,0.32989874482154846,0.1325502246618271,0.4394639730453491
17,POSITIVE,POSITIVE,0.9830219745635986,0.0008770585991442204,0.00316065875813365,0.012940446846187115
18,POSITIVE,POSITIVE,0.576497495174408,0.024985169991850853,0.025337370112538338,0.37317997217178345
19,POSITIVE,MIXED,0.09435205906629562,0.32070496678352356,0.05800003930926323,0.5269429087638855
20,POSITIVE,NEUTRAL,0.40818968415260315,0.0003613476292230189,0.5874759554862976,0.00397300673648715
21,POSITIVE,POSITIVE,0.916483461856842,0.004614709876477718,0.023634430021047592,0.05526728183031082
22,POSITIVE,POSITIVE,0.9811726212501526,7.093277963576838e-05,0.003367240075021982,0.01538927759975195
23,NEGATIVE,NEGATIVE,0.16963990032672882,0.4369949698448181,0.1477692425251007,0.24559582769870758
24,NEGATIVE,NEGATIVE,0.00021785653370898217,0.9523786306381226,0.01598171703517437,0.03142184019088745
0,NEGATIVE,NEGATIVE,0.07671969383955002,0.575843334197998,0.07237895578145981,0.27505797147750854
1,NEGATIVE,MIXED,0.039307836443185806,0.33855292201042175,0.09645018726587296,0.5256890654563904
2,NEGATIVE,MIXED,0.07031513750553131,0.06885360926389694,0.024034982547163963,0.8367962837219238
3,POSITIVE,POSITIVE,0.820067822933197,0.005065657664090395,0.010918272659182549,0.16394825279712677
4,NEGATIVE,NEGATIVE,0.017055226489901543,0.8067855834960938,0.08059961348772049,0.09555953741073608
5,POSITIVE,POSITIVE,0.9945565462112427,2.7450489142211154e-05,0.0039544315077364445,0.0014615458203479648
6,POSITIVE,NEUTRAL,0.1501738280057907,0.010440537706017494,0.817192792892456,0.02219289168715477
7,POSITIVE,POSITIVE,0.9873237013816833,0.001393371494486928,0.006887707859277725,0.004395186901092529
8,POSITIVE,NEUTRAL,0.012928538955748081,0.0032626239117234945,0.9771904945373535,0.0066182659938931465
9,POSITIVE,NEUTRAL,0.32689017057418823,0.01575782522559166,0.6520196199417114,0.005332350265234709
10,POSITIVE,POSITIVE,0.9782809019088745,1.7981989003601484e-05,0.01911654882133007,0.002584683010354638
11,POSITIVE,POSITIVE,0.7991230487823486,0.025326237082481384,0.08450618386268616,0.091044582426548
12,NEGATIVE,NEGATIVE,0.1674755960702896,0.4669046700000763,0.02390429750084877,0.34171539545059204
13,NEGATIVE,NEGATIVE,0.026170849800109863,0.7714449167251587,0.02605169638991356,0.1763325184583664
14,NEGATIVE,MIXED,0.10005106776952744,0.010009597055613995,0.007238432765007019,0.8827009201049805
15,POSITIVE,POSITIVE,0.9796251058578491,0.0024788081645965576,0.005127894226461649,0.01276820432394743
16,POSITIVE,POSITIVE,0.9888851642608643,0.00013380123709794134,0.008425453677773476,0.0025556355249136686
17,POSITIVE,POSITIVE,0.9757807850837708,2.993131784023717e-05,0.010933157056570053,0.013256228528916836
18,POSITIVE,POSITIVE,0.9800644516944885,0.0002595878322608769,0.01444393489509821,0.0052320268005132675
19,NEGATIVE,NEGATIVE,0.0011469008168205619,0.8874730467796326,0.09048967808485031,0.020890431478619576
20,NEGATIVE,NEGATIVE,0.012319907546043396,0.7428562045097351,0.20050175487995148,0.04432213306427002
21,NEGATIVE,NEGATIVE,0.00910983793437481,0.7651963233947754,0.1425248384475708,0.08316899836063385
22,POSITIVE,POSITIVE,0.7363402247428894,0.028552519157528877,0.1746673285961151,0.06043989211320877
23,POSITIVE,POSITIVE,0.9652292132377625,0.0041486285626888275,0.004881789442151785,0.02574038691818714
24,NEGATIVE,NEGATIVE,0.04007427394390106,0.558998167514801,0.2624388337135315,0.13848868012428284
0,POSITIVE,POSITIVE,0.9427912831306458,9.370722546009347e-05,0.0031967025715857744,0.053918253630399704
1,POSITIVE,POSITIVE,0.9149475693702698,0.0007543517276644707,0.014585362747311592,0.06971284002065659
2,POSITIVE,POSITIVE,0.8285084962844849,0.001860282151028514,0.08767592161893845,0.08195531368255615
3,POSITIVE,POSITIVE,0.6021609306335449,0.0546984039247036,0.3158077597618103,0.02733292430639267
4,NEGATIVE,NEUTRAL,0.09629025310277939,0.289755254983902,0.5260559916496277,0.08789852261543274
5,POSITIVE,POSITIVE,0.9034959077835083,0.009577208198606968,0.037621092051267624,0.04930582642555237
6,NEGATIVE,NEGATIVE,0.004144770093262196,0.8697825074195862,0.08182993531227112,0.04424278438091278
7,POSITIVE,POSITIVE,0.9641147255897522,0.0004808348312508315,0.030584054067730904,0.0048202951438724995
8,POSITIVE,NEUTRAL,0.45085933804512024,0.00586777413263917,0.4763702154159546,0.06690270453691483
9,POSITIVE,POSITIVE,0.9916390776634216,1.9914873519155663e-06,0.008108505047857761,0.0002503329305909574
10,NEGATIVE,NEGATIVE,0.024451570585370064,0.6746976375579834,0.24579496681690216,0.05505581945180893
11,POSITIVE,NEUTRAL,0.38924580812454224,0.000757483474444598,0.5938588976860046,0.016137804836034775
12,POSITIVE,POSITIVE,0.9571100473403931,0.003319445298984647,0.029471125453710556,0.010099439881742
13,NEGATIVE,NEGATIVE,0.002457540249451995,0.9320111274719238,0.016282176598906517,0.04924923554062843
14,NEGATIVE,POSITIVE,0.673905611038208,0.13496354222297668,0.13267645239830017,0.058454420417547226
15,NEGATIVE,MIXED,0.004506693687289953,0.2757093608379364,0.03875720500946045,0.6810266971588135
16,POSITIVE,POSITIVE,0.9998668432235718,1.000308202492306e-06,4.916124453302473e-05,8.305740630021319e-05
17,POSITIVE,POSITIVE,0.38132137060165405,0.1644315868616104,0.10544102638959885,0.3488059639930725
18,NEGATIVE,NEGATIVE,0.02251182496547699,0.8060633540153503,0.0888121947646141,0.08261264115571976
19,NEGATIVE,NEGATIVE,0.0030109412036836147,0.8671201467514038,0.10600247979164124,0.023866375908255577
20,NEGATIVE,NEUTRAL,0.15646249055862427,0.15876880288124084,0.5716351270675659,0.11313357204198837
21,NEGATIVE,NEUTRAL,0.3848879933357239,0.03797845542430878,0.50269615650177,0.07443740963935852
22,NEGATIVE,NEGATIVE,0.00011502940469654277,0.9939683675765991,0.0005212786491028965,0.005395347252488136
23,POSITIVE,POSITIVE,0.9514350891113281,4.592974073602818e-05,0.040713369846343994,0.007805714383721352
24,NEGATIVE,NEGATIVE,0.0001966186537174508,0.9806564450263977,0.015042826533317566,0.004104140214622021
0,NEGATIVE,NEGATIVE,0.0009408306796103716,0.9349057078361511,0.007622858975082636,0.05653064325451851
1,NEGATIVE,POSITIVE,0.7280951142311096,0.018103905022144318,0.0438922718167305,0.20990876853466034
2,POSITIVE,POSITIVE,0.9849600195884705,1.7907985238707624e-05,0.005830148700624704,0.009191791526973248
3,POSITIVE,POSITIVE,0.4223897159099579,0.20207057893276215,0.24583207070827484,0.12970760464668274
4,POSITIVE,POSITIVE,0.726056694984436,0.0019903460051864386,0.025605706498026848,0.24634721875190735
5,NEGATIVE,MIXED,0.025762807577848434,0.18179625272750854,0.05772268399596214,0.7347182631492615
6,NEGATIVE,MIXED,0.014494127593934536,0.46398961544036865,0.0036953662056475878,0.5178208947181702
7,POSITIVE,POSITIVE,0.996250569820404,2.730119194893632e-05,0.002096157753840089,0.0016260264674201608
8,NEGATIVE,NEUTRAL,0.02573934569954872,0.2085682600736618,0.7202439904212952,0.04544845223426819
9,POSITIVE,POSITIVE,0.7769121527671814,0.0002945701708085835,0.20273415744304657,0.02005903422832489
10,NEGATIVE,NEGATIVE,0.0013696171808987856,0.9755675792694092,0.008873329497873783,0.014189442619681358
11,POSITIVE,POSITIVE,0.9869759678840637,0.00012375118967611343,0.0012334875063970685,0.011666765436530113
12,NEGATIVE,NEGATIVE,0.03143962845206261,0.5040425062179565,0.06927269697189331,0.39524513483047485
13,POSITIVE,POSITIVE,0.981391429901123,2.2855087081552483e-05,0.017724961042404175,0.0008608306525275111
14,NEGATIVE,NEGATIVE,8.25688912300393e-05,0.9958723187446594,0.0023487876169383526,0.0016962868394330144
15,POSITIVE,POSITIVE,0.9991298317909241,3.097493390669115e-06,0.00017616011609788984,0.0006909047369845212
16,NEGATIVE,NEGATIVE,0.0005419434164650738,0.9894998669624329,0.0021637347526848316,0.007794520817697048
17,POSITIVE,POSITIVE,0.7511362433433533,0.020288938656449318,0.09831510484218597,0.1302596479654312
18,POSITIVE,POSITIVE,0.8576588034629822,0.0007477879407815635,0.0022703392896801233,0.13932305574417114
19,NEGATIVE,NEGATIVE,0.052882663905620575,0.6136628985404968,0.14942879974842072,0.1840256303548813
20,NEGATIVE,NEGATIVE,4.2411575122969225e-06,0.9989960789680481,0.0003664257237687707,0.0006331666954793036
21,POSITIVE,NEUTRAL,0.15261024236679077,0.20779946446418762,0.5032913088798523,0.1362989991903305
22,NEGATIVE,NEGATIVE,0.00654679024592042,0.6973888874053955,0.006387176923453808,0.28967705368995667
23,NEGATIVE,NEGATIVE,3.146369635942392e-05,0.9940412640571594,0.0036412288900464773,0.0022859065793454647
24,POSITIVE,POSITIVE,0.9542320370674133,4.268346310709603e-05,0.00294036278501153,0.04278484359383583
0,NEGATIVE,NEGATIVE,0.0007944748504087329,0.9785754680633545,0.003915632609277964,0.016714435070753098
1,POSITIVE,POSITIVE,0.9929271340370178,7.415362779283896e-05,0.0008775223977863789,0.006121228914707899
2,POSITIVE,POSITIVE,0.6034119129180908,0.04288997873663902,0.04685547575354576,0.3068425953388214
3,POSITIVE,POSITIVE,0.8508794903755188,0.00847928412258625,0.05928520858287811,0.08135603368282318
4,POSITIVE,POSITIVE,0.9816016554832458,0.00011031643953174353,0.013684209436178207,0.004603759851306677
5,NEGATIVE,NEGATIVE,0.011942056007683277,0.8026108741760254,0.1351487934589386,0.05029826611280441
6,POSITIVE,POSITIVE,0.9132925868034363,0.0004689922498073429,0.08159325271844864,0.004645220004022121
7,POSITIVE,POSITIVE,0.580422580242157,0.0066970037296414375,0.012932169251143932,0.39994826912879944
8,NEGATIVE,MIXED,0.3057485818862915,0.07766024023294449,0.047220923006534576,0.5693702697753906
9,NEGATIVE,NEGATIVE,0.03725108131766319,0.7145388126373291,0.028266485780477524,0.2199435830116272
10,NEGATIVE,NEGATIVE,0.06541454046964645,0.4025704264640808,0.3956022262573242,0.1364128291606903
11,NEGATIVE,NEGATIVE,0.3841991424560547,0.4712746739387512,0.1320425122976303,0.0124836890026927
12,POSITIVE,NEGATIVE,0.033661410212516785,0.4572412967681885,0.17547114193439484,0.3336261808872223
13,POSITIVE,POSITIVE,0.6078491806983948,0.0676540732383728,0.01583964377641678,0.30865707993507385
14,NEGATIVE,NEGATIVE,0.05928826332092285,0.6390029191970825,0.09121287614107132,0.2104959487915039
15,NEGATIVE,NEGATIVE,0.0028823690954595804,0.9583373069763184,0.01657675951719284,0.022203659638762474
16,POSITIVE,POSITIVE,0.9800516366958618,0.00010464411025168374,0.008776450529694557,0.01106723491102457
17,NEGATIVE,NEGATIVE,0.00014335849846247584,0.9608823657035828,0.002908069407567382,0.036066100001335144
18,POSITIVE,MIXED,0.08033457398414612,0.15254800021648407,0.26936066150665283,0.4977567493915558
19,POSITIVE,POSITIVE,0.8228680491447449,0.02211424522101879,0.12590910494327545,0.029108615592122078
20,NEGATIVE,NEUTRAL,0.12715370953083038,0.3259463906288147,0.4252038300037384,0.12169606238603592
21,NEGATIVE,MIXED,0.2510640323162079,0.18657474219799042,0.023166559636592865,0.539194643497467
22,POSITIVE,NEUTRAL,0.30824175477027893,0.07364054769277573,0.517724335193634,0.10039334744215012
23,NEGATIVE,NEGATIVE,0.005808532703667879,0.9181704521179199,0.03654816746711731,0.03947285935282707
24,POSITIVE,MIXED,0.07479289919137955,0.01405208371579647,0.005598844960331917,0.9055562019348145
0,POSITIVE,NEGATIVE,0.2577275335788727,0.42254194617271423,0.033842697739601135,0.28588777780532837
1,NEGATIVE,NEGATIVE,0.008971499279141426,0.8767111301422119,0.07079103589057922,0.04352625086903572
2,NEGATIVE,NEGATIVE,0.0018228368135169148,0.9480801224708557,0.0031333910301327705,0.04696376994252205
3,POSITIVE,POSITIVE,0.9931774139404297,1.5722171156085096e-05,0.00027784783742390573,0.006528964266180992
4,NEGATIVE,POSITIVE,0.7353659272193909,0.02754947543144226,0.06932161003351212,0.16776293516159058
5,POSITIVE,POSITIVE,0.970722496509552,0.004048456437885761,0.005549274384975433,0.019679810851812363
6,POSITIVE,POSITIVE,0.6500632166862488,0.005328936502337456,0.05445808172225952,0.2901497781276703
7,NEGATIVE,MIXED,0.0030802355613559484,0.2986562252044678,0.0005570374778471887,0.6977064609527588
8,NEGATIVE,NEUTRAL,0.07867518067359924,0.15068626403808594,0.526520848274231,0.24411772191524506
9,POSITIVE,MIXED,0.37027522921562195,0.03124508261680603,0.008492904715240002,0.5899868011474609
10,POSITIVE,NEUTRAL,0.2557503283023834,0.005440476816147566,0.7078924179077148,0.030916733667254448
11,NEGATIVE,NEUTRAL,0.19447313249111176,0.2653234601020813,0.5096474885940552,0.030555926263332367
12,POSITIVE,POSITIVE,0.9900249242782593,3.914759508916177e-05,0.004344140645116568,0.005591811146587133
13,NEGATIVE,NEGATIVE,0.042780552059412,0.6843771934509277,0.2025383710861206,0.07030383497476578
14,NEGATIVE,MIXED,0.16608397662639618,0.3481682538986206,0.08438044041395187,0.40136727690696716
15,POSITIVE,POSITIVE,0.9357980489730835,0.0016940023051574826,0.025706760585308075,0.03680120408535004
16,POSITIVE,POSITIVE,0.8568376898765564,0.00043406186159700155,0.0005677213193848729,0.14216046035289764
17,NEGATIVE,NEGATIVE,0.0012017851695418358,0.8362836837768555,0.15493321418762207,0.007581277284771204
18,NEGATIVE,NEGATIVE,0.032761625945568085,0.756526529788971,0.16255393624305725,0.048158012330532074
19,POSITIVE,POSITIVE,0.6199832558631897,0.04600146785378456,0.10903262346982956,0.22498264908790588
20,POSITIVE,POSITIVE,0.7371965050697327,0.019950343295931816,0.21232108771800995,0.03053201548755169
21,POSITIVE,POSITIVE,0.9188878536224365,0.002983702579513192,0.0049102832563221455,0.07321830093860626
22,NEGATIVE,NEGATIVE,0.0009519893210381269,0.8075173497200012,0.1732969433069229,0.018233738839626312
23,POSITIVE,POSITIVE,0.5463109612464905,0.005376211367547512,0.41454967856407166,0.033763155341148376
24,POSITIVE,POSITIVE,0.9964847564697266,4.141930730838794e-06,0.0027665114030241966,0.0007445701630786061
0,POSITIVE,POSITIVE,0.9910376071929932,0.00010010865662479773,0.004244024865329266,0.004618388134986162
1,NEGATIVE,NEGATIVE,0.01946258172392845,0.5887813568115234,0.10744338482618332,0.28431272506713867
2,NEGATIVE,NEGATIVE,0.030445696786046028,0.7618007659912109,0.12221838533878326,0.08553516119718552
3,NEGATIVE,NEGATIVE,0.0007229389157146215,0.9509857296943665,0.027726134285330772,0.020565256476402283
4,POSITIVE,POSITIVE,0.9718500375747681,0.0015294004697352648,0.009147665463387966,0.01747295819222927
5,POSITIVE,POSITIVE,0.9890761375427246,6.925082561792806e-05,0.003943934570997953,0.006910694297403097
6,NEGATIVE,NEUTRAL,0.05787397176027298,0.3134754002094269,0.49536991119384766,0.13328076899051666
7,POSITIVE,POSITIVE,0.9829984307289124,8.587194315623492e-05,0.005143820773810148,0.011771773919463158
8,POSITIVE,POSITIVE,0.9957292675971985,1.4931159057596233e-05,0.0006705662235617638,0.0035852098371833563
9,NEGATIVE,NEGATIVE,0.0009211223223246634,0.958869993686676,0.02890639752149582,0.011302446015179157
10,POSITIVE,POSITIVE,0.7038247585296631,0.014768319204449654,0.003590947249904275,0.27781593799591064
11,POSITIVE,POSITIVE,0.6294642090797424,0.00011573665688047186,0.0003409211349207908,0.3700791299343109
12,NEGATIVE,POSITIVE,0.6158340573310852,0.09711100906133652,0.10695027559995651,0.18010464310646057
13,POSITIVE,POSITIVE,0.9950817823410034,7.394392014248297e-06,0.004288771655410528,0.000622020976152271
14,NEGATIVE,NEGATIVE,0.0001075363761628978,0.9954751133918762,0.0007979061338119209,0.0036194482818245888
15,NEGATIVE,NEGATIVE,0.012763835489749908,0.8552489280700684,0.07652502506971359,0.05546211078763008
16,POSITIVE,POSITIVE,0.8950353860855103,0.00041427178075537086,0.0007433688151650131,0.10380692780017853
17,NEGATIVE,NEGATIVE,0.0010068322299048305,0.9247349500656128,0.020378567278385162,0.053879812359809875
18,NEGATIVE,NEGATIVE,8.714765135664493e-05,0.9501669406890869,0.0009100022725760937,0.04883590713143349
19,POSITIVE,POSITIVE,0.6897262334823608,0.023222006857395172,0.07320293039083481,0.21384882926940918
20,NEGATIVE,NEGATIVE,0.0027565383352339268,0.9719992280006409,0.005702280439436436,0.019541962072253227
21,NEGATIVE,NEGATIVE,0.01198340579867363,0.8495320081710815,0.07338202744722366,0.06510251760482788
22,POSITIVE,POSITIVE,0.9825367331504822,0.0007043700898066163,0.00354707520455122,0.013211770914494991
23,NEGATIVE,NEGATIVE,0.014010809361934662,0.6435384750366211,0.30708643794059753,0.035364165902137756
24,NEGATIVE,NEGATIVE,0.030986499041318893,0.9008957743644714,0.05757928267121315,0.01053850632160902
0,NEGATIVE,NEUTRAL,0.0020091922488063574,0.3923535943031311,0.587665855884552,0.01797143928706646
1,NEGATIVE,NEGATIVE,0.005074892658740282,0.8107050061225891,0.13371732831001282,0.05050280690193176
2,NEGATIVE,MIXED,0.08419618755578995,0.23626570403575897,0.3062230050563812,0.37331509590148926
3,POSITIVE,POSITIVE,0.9980316758155823,7.1106587711256e-05,0.0006850940408185124,0.0012120805913582444
4,POSITIVE,POSITIVE,0.974004864692688,0.00033371945028193295,0.00148080475628376,0.02418072707951069
5,NEGATIVE,NEGATIVE,0.027876125648617744,0.4764753580093384,0.3768797218799591,0.11876886337995529
6,POSITIVE,MIXED,0.049542900174856186,0.20661352574825287,0.017941605299711227,0.7259019613265991
7,NEGATIVE,NEGATIVE,0.013491315767168999,0.5875176191329956,0.05636466667056084,0.34262633323669434
8,POSITIVE,POSITIVE,0.9246108531951904,0.00844674464315176,0.029871121048927307,0.03707127645611763
9,POSITIVE,POSITIVE,0.9837210178375244,0.0006238730857148767,0.011895670555531979,0.003759498707950115
10,NEGATIVE,NEGATIVE,0.012512797489762306,0.877065122127533,0.07323922961950302,0.03718285635113716
11,POSITIVE,NEGATIVE,0.32210931181907654,0.42060068249702454,0.08204185217618942,0.17524811625480652
12,POSITIVE,MIXED,0.01283842884004116,0.002349559683352709,0.0004976926138624549,0.9843143224716187
13,NEGATIVE,NEGATIVE,0.020736457780003548,0.5571498274803162,0.05055826157331467,0.3715554475784302
14,POSITIVE,POSITIVE,0.9980252981185913,2.8938957257196307e-05,0.0010851116385310888,0.0008606222691014409
15,POSITIVE,POSITIVE,0.9863426089286804,6.359408143907785e-05,0.00549778388813138,0.008096014149487019
16,NEGATIVE,NEGATIVE,0.008229264989495277,0.85728919506073,0.07195597887039185,0.06252557784318924
17,NEGATIVE,NEGATIVE,0.004361005499958992,0.9359740018844604,0.03407664597034454,0.025588342919945717
18,NEGATIVE,MIXED,0.27959150075912476,0.2018737494945526,0.014140849001705647,0.5043938755989075
19,POSITIVE,POSITIVE,0.623343288898468,0.2654503583908081,0.01276469323784113,0.09844164550304413
20,POSITIVE,POSITIVE,0.9861883521080017,4.227366389386589e-06,0.009712215512990952,0.004095167387276888
21,NEGATIVE,MIXED,0.062469229102134705,0.18158987164497375,0.000815683277323842,0.7551251649856567
22,POSITIVE,POSITIVE,0.8015169501304626,0.009646298363804817,0.1645108014345169,0.024325978010892868
23,POSITIVE,POSITIVE,0.9532105922698975,3.844196180580184e-05,0.04345489665865898,0.0032961529213935137
24,NEGATIVE,NEGATIVE,0.0007734939572401345,0.9916433095932007,0.0008336357423104346,0.006749558728188276
0,NEGATIVE,NEUTRAL,0.15625721216201782,0.27078306674957275,0.5098394751548767,0.0631202906370163
1,POSITIVE,POSITIVE,0.818318247795105,0.0027282852679491043,0.013299130834639072,0.16565430164337158
2,NEGATIVE,NEUTRAL,0.045370981097221375,0.09006283432245255,0.8287726640701294,0.035793501883745193
3,NEGATIVE,NEGATIVE,0.01789228990674019,0.8127249479293823,0.12795229256153107,0.04143047332763672
4,POSITIVE,NEUTRAL,0.4230804145336151,0.010034902021288872,0.5376985669136047,0.029186170548200607
5,NEGATIVE,MIXED,0.06708929687738419,0.3842651844024658,0.0935455858707428,0.4550999104976654
6,POSITIVE,POSITIVE,0.9861397743225098,0.00028353394009172916,0.0008103795698843896,0.012766246683895588
7,POSITIVE,POSITIVE,0.900078296661377,0.0017769304104149342,0.016037069261074066,0.08210772275924683
8,POSITIVE,POSITIVE,0.9995980858802795,1.5360346878878772e-06,0.00020261143799871206,0.00019783360767178237
9,POSITIVE,POSITIVE,0.9367209672927856,0.0001381395268253982,0.0008559860871173441,0.062284812331199646
10,NEGATIVE,NEGATIVE,0.04267110675573349,0.5768766403198242,0.24917538464069366,0.1312769055366516
11,POSITIVE,POSITIVE,0.7888040542602539,0.0075203594751656055,0.036676403135061264,0.16699917614459991
12,POSITIVE,POSITIVE,0.49152255058288574,0.16258877515792847,0.20499736070632935,0.14089123904705048
13,POSITIVE,POSITIVE,0.887931227684021,0.0016598288202658296,0.02380155771970749,0.08660732954740524
14,NEGATIVE,NEGATIVE,0.026328984647989273,0.6169367432594299,0.0838787853717804,0.2728555202484131
15,POSITIVE,POSITIVE,0.9051163196563721,0.0014962509740144014,0.003244311548769474,0.09014321118593216
16,POSITIVE,POSITIVE,0.9580386877059937,0.0031060054898262024,0.016265081241726875,0.02259022928774357
17,NEGATIVE,NEGATIVE,0.03554433956742287,0.6373499631881714,0.17640286684036255,0.15070278942584991
18,NEGATIVE,NEGATIVE,0.0008294351864606142,0.94291090965271,0.04309685900807381,0.013162810355424881
19,POSITIVE,POSITIVE,0.7979530692100525,0.028927795588970184,0.12638789415359497,0.04673114791512489
20,NEGATIVE,NEUTRAL,0.3075900077819824,0.28133901953697205,0.334791898727417,0.07627907395362854
21,POSITIVE,POSITIVE,0.8237258791923523,0.01486123912036419,0.02666427567601204,0.13474859297275543
22,POSITIVE,MIXED,0.31317052245140076,0.029067309573292732,0.016954783350229263,0.6408074498176575
23,POSITIVE,POSITIVE,0.9980167150497437,1.2166762644483242e-05,0.0005130154895596206,0.0014581553405150771
24,POSITIVE,POSITIVE,0.9315791130065918,0.002217178698629141,0.05511123687028885,0.011092470958828926
0,POSITIVE,POSITIVE,0.7027367353439331,0.00022732782235834748,0.2723345160484314,0.02470141276717186
1,POSITIVE,POSITIVE,0.9834251999855042,9.387236787006259e-05,0.0033915857784450054,0.013089383020997047
2,NEGATIVE,NEGATIVE,0.07167010009288788,0.7382829189300537,0.030749408528208733,0.15929751098155975
3,POSITIVE,POSITIVE,0.9943053126335144,2.977364965772722e-05,0.002845738548785448,0.0028191101737320423
4,POSITIVE,POSITIVE,0.5002665519714355,0.010394815355539322,0.12479915469884872,0.3645394742488861
5,POSITIVE,POSITIVE,0.9869259595870972,3.4689215681282803e-05,0.005154900252819061,0.007884454913437366
6,POSITIVE,POSITIVE,0.7203781604766846,0.04733464866876602,0.1675616353750229,0.06472548842430115
7,NEGATIVE,POSITIVE,0.3486849367618561,0.27932360768318176,0.07878684252500534,0.2932046055793762
8,POSITIVE,POSITIVE,0.9956063628196716,1.3867032976122573e-05,0.0024141077883541584,0.001965655479580164
9,POSITIVE,POSITIVE,0.9309996962547302,0.002003871835768223,0.01767694391310215,0.04931943118572235
10,POSITIVE,POSITIVE,0.9758602380752563,0.0004365101340226829,0.02163723111152649,0.002066011307761073
11,POSITIVE,POSITIVE,0.9696094393730164,0.00013316181139089167,0.008256319910287857,0.02200109325349331
12,NEGATIVE,NEGATIVE,0.004670347552746534,0.5240397453308105,0.16815067827701569,0.30313920974731445
13,NEGATIVE,NEGATIVE,0.0027681065257638693,0.9218913316726685,0.03252345696091652,0.04281711205840111
14,NEGATIVE,NEGATIVE,0.024224720895290375,0.5083698630332947,0.12869174778461456,0.3387136459350586
15,NEGATIVE,NEGATIVE,0.0027379475068300962,0.8287510871887207,0.1469457596540451,0.021565183997154236
16,NEGATIVE,NEGATIVE,0.002025747671723366,0.9342384934425354,0.002393709495663643,0.06134205311536789
17,NEGATIVE,POSITIVE,0.5438141822814941,0.12128990888595581,0.09248491376638412,0.2424110472202301
18,POSITIVE,POSITIVE,0.810592532157898,0.004653140902519226,0.14152641594409943,0.043227843940258026
19,NEGATIVE,POSITIVE,0.41361692547798157,0.18141108751296997,0.17957499623298645,0.2253970056772232
20,POSITIVE,POSITIVE,0.9878705143928528,6.225751712918282e-05,0.003238643752411008,0.008828592486679554
21,POSITIVE,POSITIVE,0.9940191507339478,4.901552529190667e-05,0.00028819069848395884,0.005643641110509634
22,POSITIVE,POSITIVE,0.780972957611084,0.050604019314050674,0.030333684757351875,0.1380893588066101
23,NEGATIVE,POSITIVE,0.4351963996887207,0.1417367160320282,0.1983247846364975,0.224742129445076
24,NEGATIVE,NEGATIVE,0.03519353270530701,0.7082842588424683,0.17286339402198792,0.08365876227617264
0,NEGATIVE,NEGATIVE,0.012050183489918709,0.7246498465538025,0.23247337341308594,0.030826589092612267
1,POSITIVE,POSITIVE,0.9905412793159485,0.00014058491797186434,0.003357035107910633,0.005961054004728794
2,NEGATIVE,NEGATIVE,0.010843394324183464,0.8146764039993286,0.01067680586129427,0.163803368806839
3,NEGATIVE,MIXED,0.04449186101555824,0.05309407040476799,0.00931210070848465,0.8931019306182861
4,POSITIVE,NEUTRAL,0.17117604613304138,0.18391646444797516,0.5573301315307617,0.08757734298706055
5,NEGATIVE,NEGATIVE,7.297611591638997e-05,0.9935500621795654,0.0005134738748893142,0.005863552447408438
6,NEGATIVE,NEGATIVE,0.0009409034391865134,0.9705122709274292,0.015846168622374535,0.0127006396651268
7,POSITIVE,MIXED,0.4065803587436676,0.039923250675201416,0.01638825424015522,0.5371081233024597
8,NEGATIVE,NEGATIVE,0.010333871468901634,0.8627104163169861,0.01747710630297661,0.10947858542203903
9,POSITIVE,POSITIVE,0.5906699299812317,0.3261891305446625,0.05676881968975067,0.02637217752635479
10,NEGATIVE,NEGATIVE,2.1631647541653365e-05,0.9957612156867981,0.002365611493587494,0.0018514859257265925
11,POSITIVE,POSITIVE,0.8878493905067444,0.001417580177076161,0.013986358419060707,0.09674663841724396
12,POSITIVE,POSITIVE,0.8452731966972351,0.007039336021989584,0.0019506133394315839,0.1457369029521942
13,POSITIVE,POSITIVE,0.9684708714485168,5.642115866066888e-05,0.006384484004229307,0.02508818730711937
14,NEGATIVE,POSITIVE,0.3836209774017334,0.12228355556726456,0.15083494782447815,0.3432604670524597
15,NEGATIVE,NEGATIVE,0.00016904878430068493,0.9935801029205322,0.0016230781329795718,0.004627813119441271
16,NEGATIVE,NEGATIVE,1.4418973478314001e-05,0.9994779229164124,0.00023820788192097098,0.00026945449644699693
17,NEGATIVE,NEGATIVE,0.02335476316511631,0.9054781198501587,0.03983297199010849,0.031334180384874344
18,NEGATIVE,NEGATIVE,0.008200905285775661,0.5373727679252625,0.0068580033257603645,0.4475683569908142
19,POSITIVE,POSITIVE,0.8670098185539246,0.0031073044519871473,0.06648953258991241,0.06339334696531296
20,NEGATIVE,NEGATIVE,0.0032915810588747263,0.6575344800949097,0.0017015828052535653,0.3374723494052887
21,NEGATIVE,NEGATIVE,0.0008587977499701083,0.9783322215080261,0.0008992671500891447,0.019909566268324852
22,POSITIVE,POSITIVE,0.8468202352523804,0.002883070847019553,0.14336560666561127,0.006931026466190815
23,POSITIVE,POSITIVE,0.9554944634437561,0.00329864420928061,0.01724642515182495,0.023960502818226814
24,POSITIVE,POSITIVE,0.6823300123214722,0.005210038740187883,0.16801612079143524,0.14444378018379211
0,NEGATIVE,NEGATIVE,0.009050346910953522,0.909044086933136,0.03587979078292847,0.04602576419711113
1,NEGATIVE,NEGATIVE,0.016620518639683723,0.7468798756599426,0.022301115095615387,0.21419848501682281
2,POSITIVE,POSITIVE,0.4700087606906891,0.053084809333086014,0.4561210870742798,0.02078540436923504
3,POSITIVE,POSITIVE,0.627937376499176,0.008757821284234524,0.03979761153459549,0.3235071003437042
4,NEGATIVE,NEGATIVE,0.018040243536233902,0.8476203680038452,0.0709916353225708,0.06334778666496277
5,POSITIVE,POSITIVE,0.9333275556564331,0.0018614532891660929,0.05936426669359207,0.005446798168122768
6,POSITIVE,MIXED,0.05217713490128517,0.22670230269432068,0.001191822811961174,0.7199288010597229
7,POSITIVE,POSITIVE,0.9864539504051208,0.00039843053673394024,0.004764850251376629,0.008382786065340042
8,NEGATIVE,POSITIVE,0.8356727361679077,0.004965515341609716,0.019159812480211258,0.14020192623138428
9,POSITIVE,MIXED,0.0561947226524353,0.001383059425279498,0.0007884908118285239,0.9416337013244629
10,POSITIVE,POSITIVE,0.8834000825881958,0.012331970036029816,0.023858442902565002,0.08040960133075714
11,NEGATIVE,MIXED,0.040450479835271835,0.2611299455165863,0.00587333831936121,0.6925461888313293
12,POSITIVE,NEUTRAL,0.44257852435112,0.007634053472429514,0.51840740442276,0.03137998282909393
13,NEGATIVE,NEGATIVE,0.0018680623034015298,0.8589322566986084,0.10618051141500473,0.03301914781332016
14,POSITIVE,POSITIVE,0.7932714223861694,0.010547257028520107,0.0024550226517021656,0.1937262862920761
15,NEGATIVE,NEGATIVE,0.004696312826126814,0.8940460681915283,0.06776970624923706,0.03348791226744652
16,NEGATIVE,NEUTRAL,0.07608399540185928,0.2931821346282959,0.39019307494163513,0.2405407875776291
17,POSITIVE,POSITIVE,0.9650453925132751,0.0012768196174874902,0.019971538335084915,0.013706200756132603
18,POSITIVE,POSITIVE,0.8162117600440979,0.015078489668667316,0.08841551095247269,0.08029427379369736
19,NEGATIVE,NEGATIVE,0.15319715440273285,0.4103854298591614,0.2508123517036438,0.1856050342321396
20,POSITIVE,POSITIVE,0.9367235898971558,0.003055894048884511,0.034314632415771484,0.02590583637356758
21,NEGATIVE,MIXED,0.14331088960170746,0.0376877598464489,0.006913337856531143,0.8120880722999573
22,NEGATIVE,NEGATIVE,0.013546779751777649,0.7051625847816467,0.19893155992031097,0.08235912770032883
23,POSITIVE,POSITIVE,0.5258720517158508,0.09538809210062027,0.13139306008815765,0.24734680354595184
24,NEGATIVE,NEGATIVE,0.029159437865018845,0.6236593723297119,0.2092980444431305,0.13788321614265442
0,POSITIVE,POSITIVE,0.9942970871925354,2.448383384034969e-05,0.003325910307466984,0.0023524854332208633
1,POSITIVE,POSITIVE,0.8092159032821655,0.0016694908263161778,0.03232704848051071,0.15678749978542328
2,POSITIVE,POSITIVE,0.6906449794769287,0.024559443816542625,0.24136903882026672,0.043426513671875
3,POSITIVE,POSITIVE,0.6164730787277222,0.0047925240360200405,0.06380573660135269,0.31492874026298523
4,NEGATIVE,NEGATIVE,0.024989107623696327,0.7154091000556946,0.18690072000026703,0.07270106673240662
5,POSITIVE,POSITIVE,0.768051028251648,0.04637248441576958,0.023438159376382828,0.16213829815387726
6,POSITIVE,POSITIVE,0.3536643087863922,0.10137033462524414,0.2984158992767334,0.24654945731163025
7,NEGATIVE,NEGATIVE,0.00614298926666379,0.776346743106842,0.19729752838611603,0.020212765783071518
8,NEGATIVE,NEGATIVE,0.0016888624522835016,0.9508345127105713,0.011132320389151573,0.03634433075785637
9,POSITIVE,POSITIVE,0.9946563243865967,9.144380601355806e-05,0.0006660423241555691,0.004586287308484316
10,POSITIVE,POSITIVE,0.9921461939811707,1.3164994925318751e-05,0.007025175262242556,0.0008155355462804437
11,POSITIVE,POSITIVE,0.9998798370361328,1.8447443608238245e-06,4.926076508127153e-05,6.911125819897279e-05
12,NEGATIVE,NEGATIVE,0.004704570397734642,0.9173336625099182,0.022691160440444946,0.05527057498693466
13,POSITIVE,NEGATIVE,0.28847065567970276,0.332227885723114,0.23745542764663696,0.14184607565402985
14,POSITIVE,POSITIVE,0.9252558946609497,0.00011800864740507677,0.0001379108289256692,0.07448818534612656
15,POSITIVE,POSITIVE,0.9911875128746033,0.00011000916128978133,0.0010782626923173666,0.007624248508363962
16,POSITIVE,MIXED,0.03700152039527893,0.25834891200065613,0.04049930348992348,0.6641502380371094
17,NEGATIVE,NEGATIVE,0.0014576916582882404,0.749737024307251,0.00019161001546308398,0.2486136257648468
18,NEGATIVE,NEGATIVE,0.030504539608955383,0.4877048432826996,0.42872586846351624,0.053064849227666855
19,NEGATIVE,NEGATIVE,0.00045572061208076775,0.958227813243866,0.00841295812278986,0.03290341794490814
20,POSITIVE,POSITIVE,0.9943221807479858,8.446930587524548e-05,0.0013284465530887246,0.004264950752258301
21,POSITIVE,POSITIVE,0.9220491051673889,0.008123508654534817,0.02676292136311531,0.04306453838944435
22,NEGATIVE,NEGATIVE,0.0024279477074742317,0.9679447412490845,0.006665026769042015,0.02296227030456066
23,NEGATIVE,NEGATIVE,0.003037411253899336,0.9052780866622925,0.048548124730587006,0.04313641041517258
24,NEGATIVE,NEGATIVE,0.11168592423200607,0.4705239236354828,0.32454967498779297,0.0932404175400734
0,NEGATIVE,NEGATIVE,0.008861211128532887,0.7164061665534973,0.0023094431962817907,0.27242323756217957
1,NEGATIVE,NEUTRAL,0.4087696075439453,0.07461704313755035,0.49777618050575256,0.01883714087307453
2,POSITIVE,POSITIVE,0.9965812563896179,0.00012206524843350053,0.0023225818295031786,0.0009742281399667263
3,POSITIVE,POSITIVE,0.9893646240234375,8.218429866246879e-05,0.004834808874875307,0.005718371365219355
4,POSITIVE,MIXED,0.09068212658166885,0.043638892471790314,0.029989032074809074,0.8356899619102478
5,NEGATIVE,MIXED,0.23955248296260834,0.23117050528526306,0.06882365047931671,0.4604533314704895
6,POSITIVE,MIXED,0.2843891680240631,0.00913742370903492,0.025447994470596313,0.6810253858566284
7,POSITIVE,POSITIVE,0.3772425651550293,0.1212463453412056,0.3477645516395569,0.15374648571014404
8,NEGATIVE,NEGATIVE,0.08888683468103409,0.5209768414497375,0.040049582719802856,0.3500867784023285
9,POSITIVE,POSITIVE,0.9474185705184937,0.0006019204156473279,0.013056575320661068,0.03892293944954872
10,NEGATIVE,NEGATIVE,0.03671563044190407,0.6388429403305054,0.01215203758329153,0.31228938698768616
11,POSITIVE,POSITIVE,0.3773376941680908,0.35470807552337646,0.08424247056245804,0.1837116926908493
12,NEGATIVE,NEGATIVE,0.2134365737438202,0.5421497225761414,0.056825608015060425,0.18758803606033325
13,NEGATIVE,NEGATIVE,0.0406704917550087,0.626700758934021,0.1494644284248352,0.18316426873207092
14,NEGATIVE,NEUTRAL,0.05166500806808472,0.19006310403347015,0.7351627349853516,0.02310916781425476
15,POSITIVE,POSITIVE,0.947598934173584,0.0003863162128254771,0.0013679926050826907,0.05064675211906433
16,POSITIVE,NEUTRAL,0.1268441379070282,0.019715124741196632,0.8473226428031921,0.006118076387792826
17,POSITIVE,POSITIVE,0.9219151139259338,0.006388489622622728,0.038696255534887314,0.033000070601701736
18,POSITIVE,POSITIVE,0.7962383031845093,0.0031236736103892326,0.18023225665092468,0.0204057265073061
19,POSITIVE,POSITIVE,0.8702149987220764,0.0004459808405954391,0.0031968920957297087,0.12614211440086365
20,NEGATIVE,NEGATIVE,0.03948143497109413,0.518190324306488,0.22242417931556702,0.2199041098356247
21,NEGATIVE,POSITIVE,0.8053033351898193,0.030098171904683113,0.1103937029838562,0.05420477315783501
22,NEGATIVE,MIXED,0.2594155967235565,0.21849946677684784,0.08539345860481262,0.43669140338897705
23,POSITIVE,POSITIVE,0.7870813012123108,0.0004774942935910076,0.00021191086852923036,0.21222926676273346
24,POSITIVE,POSITIVE,0.9679325819015503,1.8938360881293193e-05,0.0033764434047043324,0.028672050684690475
0,NEGATIVE,NEGATIVE,0.0003603947989176959,0.9372889995574951,0.04973636940121651,0.01261426042765379
1,POSITIVE,MIXED,0.20357555150985718,0.3266616761684418,0.10228127986192703,0.3674815595149994
2,NEGATIVE,NEGATIVE,0.009750365279614925,0.9414819478988647,0.039762262254953384,0.009005346335470676
3,POSITIVE,POSITIVE,0.8396286964416504,0.0006571520934812725,0.03153831511735916,0.12817572057247162
4,POSITIVE,POSITIVE,0.8811916708946228,0.013396711088716984,0.008697587996721268,0.09671397507190704
5,POSITIVE,POSITIVE,0.9875048995018005,3.6736939364345744e-05,0.002156438771635294,0.010302015580236912
6,NEGATIVE,NEGATIVE,0.00202722055837512,0.945091962814331,0.04589732363820076,0.006983479950577021
7,NEGATIVE,NEGATIVE,0.00869539100676775,0.7913691997528076,0.12936140596866608,0.07057400047779083
8,POSITIVE,POSITIVE,0.6307019591331482,0.03246850147843361,0.18681389093399048,0.1500156819820404
9,POSITIVE,NEUTRAL,0.3374520540237427,0.00161899218801409,0.6484176516532898,0.01251131296157837
10,POSITIVE,POSITIVE,0.6624298691749573,0.001411417149938643,0.009718307293951511,0.32644039392471313
11,NEGATIVE,NEGATIVE,0.003644524374976754,0.8574567437171936,0.12266591936349869,0.016232822090387344
12,POSITIVE,POSITIVE,0.9903969764709473,5.288931424729526e-05,0.00699261762201786,0.002557514002546668
13,POSITIVE,MIXED,0.34199246764183044,0.2206215113401413,0.07573247700929642,0.36165350675582886
14,NEGATIVE,NEGATIVE,0.011463507078588009,0.6670331954956055,0.23079243302345276,0.09071088582277298
15,NEGATIVE,NEGATIVE,0.00025195430498570204,0.9921135902404785,0.001824583625420928,0.0058099813759326935
16,POSITIVE,MIXED,0.36036205291748047,0.09639599174261093,0.08712995797395706,0.4561120271682739
17,POSITIVE,POSITIVE,0.8031598329544067,0.0017129378393292427,0.1854436993598938,0.009683486074209213
18,POSITIVE,NEUTRAL,0.0936221182346344,0.06273825466632843,0.8299773931503296,0.01366222370415926
19,NEGATIVE,MIXED,0.011692596599459648,0.10548169910907745,0.01029757410287857,0.872528076171875
20,POSITIVE,POSITIVE,0.9325048923492432,0.00034481941838748753,0.0375392846763134,0.02961099147796631
21,NEGATIVE,NEGATIVE,0.009332644753158092,0.8496347665786743,0.06653091311454773,0.07450160384178162
22,NEGATIVE,NEGATIVE,0.0003022020391654223,0.9764002561569214,0.015308086760342121,0.007989563047885895
23,NEGATIVE,NEUTRAL,0.3796714246273041,0.19210349023342133,0.3848598897457123,0.04336528480052948
24,POSITIVE,POSITIVE,0.9454891085624695,0.00262094265781343,0.03040989115834236,0.021480068564414978
0,NEGATIVE,NEUTRAL,0.34159839153289795,0.0950554832816124,0.43028724193573,0.13305887579917908
1,NEGATIVE,NEGATIVE,0.007355875801295042,0.7854185104370117,0.010295931249856949,0.1969296634197235
2,NEGATIVE,MIXED,0.3390972316265106,0.12010318785905838,0.12199129164218903,0.41880831122398376
3,NEGATIVE,NEGATIVE,0.08101218938827515,0.6243466734886169,0.12217129021883011,0.1724698543548584
4,NEGATIVE,POSITIVE,0.4499770402908325,0.15661177039146423,0.18921390175819397,0.2041972130537033
5,POSITIVE,POSITIVE,0.5322293043136597,0.06780531257390976,0.18364296853542328,0.21632231771945953
6,POSITIVE,POSITIVE,0.9406529068946838,8.313558646477759e-05,0.0022863794583827257,0.05697757378220558
7,POSITIVE,POSITIVE,0.7788034677505493,0.002830793149769306,0.16599953174591064,0.05236618220806122
8,NEGATIVE,NEGATIVE,0.08302286267280579,0.5960174202919006,0.22077161073684692,0.10018803179264069
9,NEGATIVE,NEGATIVE,8.624152542324737e-06,0.9955487251281738,0.00016667596355546266,0.00427593756467104
10,POSITIVE,POSITIVE,0.9828652143478394,0.00031873572152107954,0.0038350392132997513,0.012981165200471878
11,NEGATIVE,NEGATIVE,0.0038188728503882885,0.8524942994117737,0.09572532773017883,0.04796156287193298
12,NEGATIVE,NEGATIVE,0.046095434576272964,0.6324359178543091,0.05414356291294098,0.26732513308525085
13,NEGATIVE,NEGATIVE,0.09656926989555359,0.4459197223186493,0.11935233324766159,0.3381587266921997
14,POSITIVE,POSITIVE,0.9910324215888977,0.00017034164920914918,0.0005486462614499032,0.008248602971434593
15,POSITIVE,POSITIVE,0.8671443462371826,0.019180912524461746,0.06069152429699898,0.052983108907938004
16,POSITIVE,NEUTRAL,0.34178295731544495,0.09906412661075592,0.50590580701828,0.05324706435203552
17,POSITIVE,POSITIVE,0.99029141664505,0.00031888193916529417,0.0018101470777764916,0.007579598110169172
18,POSITIVE,NEUTRAL,0.29175782203674316,0.22784969210624695,0.34763574600219727,0.13275673985481262
19,NEGATIVE,NEGATIVE,0.020097611472010612,0.8648836612701416,0.09088999032974243,0.024128727614879608
20,POSITIVE,POSITIVE,0.9381325840950012,0.0021694782190024853,0.027138615027070045,0.032559409737586975
21,POSITIVE,POSITIVE,0.48549968004226685,0.048499640077352524,0.04200499504804611,0.4239957332611084
22,POSITIVE,POSITIVE,0.4116953909397125,0.3134242594242096,0.0033481053542345762,0.2715322971343994
23,POSITIVE,POSITIVE,0.6045322418212891,0.049733247607946396,0.2349652349948883,0.11076922714710236
24,NEGATIVE,NEGATIVE,0.005638278089463711,0.9073895812034607,0.07100976258516312,0.015962321311235428
0,NEGATIVE,NEGATIVE,0.0071714804507792,0.8391246199607849,0.049904219806194305,0.1037997230887413
1,NEGATIVE,NEGATIVE,0.0002539431443437934,0.9756882786750793,0.0012668437557294965,0.022790975868701935
2,POSITIVE,POSITIVE,0.9865840077400208,6.531290273414925e-05,0.004307744093239307,0.009043044410645962
3,NEGATIVE,NEUTRAL,0.2021896094083786,0.2490997463464737,0.3731526732444763,0.17555804550647736
4,NEGATIVE,NEUTRAL,0.0017181641887873411,0.22582298517227173,0.7660830616950989,0.0063757989555597305
5,POSITIVE,POSITIVE,0.9558016061782837,0.0008730344707146287,0.012400088831782341,0.030925234779715538
6,POSITIVE,MIXED,0.07615285366773605,0.040617164224386215,0.012866431847214699,0.8703635334968567
7,POSITIVE,POSITIVE,0.5055673718452454,0.06337586790323257,0.052413348108530045,0.3786434233188629
8,POSITIVE,POSITIVE,0.8598276972770691,0.0005773708107881248,0.001778645091690123,0.13781620562076569
9,NEGATIVE,NEUTRAL,0.03737764433026314,0.3729501962661743,0.5653404593467712,0.024331707507371902
10,POSITIVE,POSITIVE,0.9182779788970947,0.001301801996305585,0.03460085764527321,0.04581933841109276
11,POSITIVE,POSITIVE,0.9935017228126526,5.634431727230549e-05,0.00037577192415483296,0.006066089030355215
12,POSITIVE,POSITIVE,0.922167956829071,0.003008411731570959,0.020502325147390366,0.054321251809597015
13,NEGATIVE,NEGATIVE,0.000333121744915843,0.9627415537834167,0.029721450060606003,0.007203827146440744
14,POSITIVE,POSITIVE,0.8730220794677734,0.0020439522340893745,0.05932505801320076,0.06560882180929184
15,POSITIVE,POSITIVE,0.9781185984611511,0.0005572579684667289,0.01352696493268013,0.00779722910374403
16,NEGATIVE,NEGATIVE,0.004311509430408478,0.9045438766479492,0.036715827882289886,0.054428815841674805
17,NEGATIVE,NEGATIVE,0.0017041238024830818,0.9352734684944153,0.006277335342019796,0.056745029985904694
18,NEGATIVE,NEGATIVE,0.020889919251203537,0.5176227688789368,0.34554943442344666,0.11593779921531677
19,NEGATIVE,NEGATIVE,0.015606004744768143,0.7404373288154602,0.0033052312210202217,0.2406514585018158
20,NEGATIVE,MIXED,0.12382843345403671,0.30743056535720825,0.02811856009066105,0.5406225323677063
21,POSITIVE,POSITIVE,0.8560897707939148,0.0004763132310472429,0.1233564242720604,0.020077496767044067
22,POSITIVE,NEUTRAL,0.0021913014352321625,6.941914034541696e-05,0.9973617196083069,0.00037765916204079986
23,POSITIVE,POSITIVE,0.9991294741630554,2.684918626982835e-06,0.0006643882370553911,0.00020347550162114203
24,NEGATIVE,NEGATIVE,0.005011850502341986,0.7109343409538269,0.2165185660123825,0.06753524392843246
0,POSITIVE,NEUTRAL,0.056019097566604614,0.18040698766708374,0.724607527256012,0.03896639496088028
1,POSITIVE,POSITIVE,0.826835036277771,0.013493573293089867,0.0200274009257555,0.13964399695396423
2,NEGATIVE,NEGATIVE,0.08750143647193909,0.5928391814231873,0.21598736941814423,0.10367199033498764
3,POSITIVE,POSITIVE,0.996429979801178,4.210621682432247e-06,0.00015698543575126678,0.003408826654776931
4,NEGATIVE,NEGATIVE,0.0062366751953959465,0.8864918947219849,0.0595673993229866,0.0477040596306324
5,POSITIVE,POSITIVE,0.5993799567222595,0.08233592659235,0.0709426999092102,0.24734139442443848
6,NEGATIVE,NEGATIVE,0.003624395001679659,0.9435240626335144,0.013084625825285912,0.03976696729660034
7,POSITIVE,POSITIVE,0.8144605159759521,0.0256832055747509,0.01573510281741619,0.14412124454975128
8,POSITIVE,POSITIVE,0.9857991933822632,0.00043375181849114597,0.004889492876827717,0.008877525106072426
9,NEGATIVE,NEGATIVE,0.009402601048350334,0.6398090124130249,0.32857802510261536,0.02221037819981575
10,NEGATIVE,NEGATIVE,0.0023853876627981663,0.9586367011070251,0.01908469758927822,0.019893202930688858
11,NEGATIVE,NEGATIVE,0.00024971808306872845,0.9849580526351929,0.00774691766127944,0.007045336067676544
12,POSITIVE,POSITIVE,0.9768784046173096,0.00016813201364129782,0.020115209743380547,0.0028383403550833464
13,NEGATIVE,NEGATIVE,0.00010671301424736157,0.9924178123474121,0.0012744750129058957,0.006201037671416998
14,POSITIVE,POSITIVE,0.6856892108917236,0.04119604080915451,0.12109745293855667,0.152017280459404
15,POSITIVE,POSITIVE,0.959261417388916,0.0013492212165147066,0.02311837114393711,0.016270967200398445
16,NEGATIVE,NEUTRAL,0.027157697826623917,0.412016898393631,0.5292053818702698,0.03162007033824921
17,POSITIVE,POSITIVE,0.9969056248664856,5.410606718214694e-06,0.0021725238766521215,0.000916323799174279
18,POSITIVE,POSITIVE,0.8587301969528198,0.00030933291418477893,0.11544588953256607,0.025514528155326843
19,POSITIVE,POSITIVE,0.99261873960495,8.976477693067864e-05,0.004839429631829262,0.002452032407745719
20,NEGATIVE,NEGATIVE,0.006274339277297258,0.9269522428512573,0.020972512662410736,0.04580092802643776
21,NEGATIVE,MIXED,0.014458638615906239,0.09685857594013214,0.005277033895254135,0.8834057450294495
22,POSITIVE,MIXED,0.06991036236286163,0.02254711277782917,0.054589755833148956,0.852952778339386
23,NEGATIVE,NEGATIVE,0.004279350396245718,0.4891960620880127,0.1775856465101242,0.32893890142440796
24,NEGATIVE,NEGATIVE,0.006519348826259375,0.8054737448692322,0.13350586593151093,0.05450105294585228
